vessel_id,haul_trip_id,set_date,haul_date,net_id,net_description,mesh_size_mm,net_length_m,net_height_m,soak_time_hrs,eff,target_species,n_alci,n50_alci,alci.blue.n50
V10,V10_T01,2024-01-19,2024-01-19,CONTROL_1,CONTROL,127,71.284458,3.81,1.719444445,0.19457934370016056,POL,0,0,0
V10,V10_T01,2024-01-19,2024-01-19,KITE_1,KITE,127,95.491151,3.81,1.894444444,0.28718300523519513,POL,0,0,0
V10,V10_T01,2024-01-19,2024-01-19,LEB_1,LEB,127,65.15653,3.81,1.822222222,0.18848336203812535,POL,0,0,0
V10,V10_T02,2024-01-20,2024-01-20,CONTROL_2,CONTROL,127,88.736328,3.81,2.052777778,0.2891725900238042,POL,0,0,0
V10,V10_T02,2024-01-20,2024-01-20,KITE_2,KITE,127,93.823226,3.81,1.247222222,0.18576672969599844,POL,0,0,0
V10,V10_T02,2024-01-20,2024-01-20,LEB_2,LEB,127,90.949141,3.81,1.722222222,0.24865747782694295,POL,0,0,0
V10,V10_T03,2024-01-21,2024-01-21,CONTROL_3,CONTROL,65,117.929735,1.95,1.702777778,0.16315660735028592,MAC,0,0,0
V10,V10_T03,2024-01-21,2024-01-21,KITE_3,KITE,65,111.51853,1.95,1.961111111,0.17769393546562678,MAC,0,0,0
V10,V10_T03,2024-01-21,2024-01-21,LEB_3,LEB,65,118.486938,1.95,1.835833333,0.17673684462322228,MAC,0,0,0
V10,V10_T04,2024-01-27,2024-01-27,CONTROL_4,CONTROL,65,98.452005,1.95,2.108333333,0.1686503356217734,MAC,0,0,0
V10,V10_T04,2024-01-27,2024-01-27,KITE_4,KITE,65,97.46766,1.95,2.013888889,0.15948484297754914,MAC,0,0,0
V10,V10_T04,2024-01-27,2024-01-27,LEB_4,LEB,65,102.546543,1.95,1.894444444,0.1578433420181776,MAC,0,0,0
V10,V10_T05,2024-02-02,2024-02-02,CONTROL_5,CONTROL,65,108.273698,1.95,2.152777778,0.18938498393447997,MAC,0,0,0
V10,V10_T05,2024-02-02,2024-02-02,KITE_5,KITE,65,114.073209,1.95,2.430555556,0.2252747834396306,MAC,0,0,0
V10,V10_T05,2024-02-02,2024-02-02,LEB_5,LEB,65,108.359294,1.95,2.791666667,0.2457837111595556,MAC,0,0,0
V10,V10_T06,2024-02-03,2024-02-03,CONTROL_6,CONTROL,65,114.244172,1.95,2.477777778,0.22999573240118296,MAC,2,2,8.695813522797838
V10,V10_T06,2024-02-03,2024-02-03,KITE_6,KITE,65,111.323768,1.95,2.730555556,0.24698028324714463,MAC,0,0,0
V10,V10_T06,2024-02-03,2024-02-03,LEB_6,LEB,65,121.78641,1.95,3.008333333,0.2976789698263912,MAC,0,0,0
V10,V10_T07,2024-02-04,2024-02-04,CONTROL_7,CONTROL,65,115.314758,1.95,1.916666667,0.1795787117083144,MAC,0,0,0
V10,V10_T07,2024-02-04,2024-02-04,KITE_7,KITE,65,123.754792,1.95,2.175,0.2186979214875,MAC,0,0,0
V10,V10_T07,2024-02-04,2024-02-04,LEB_7,LEB,65,109.843709,1.95,2.444444444,0.2181618108908898,MAC,1,0,0
V10,V10_T08,2024-02-05,2024-02-05,CONTROL_8,CONTROL,65,129.864368,1.95,2.366666667,0.24971835766850495,MAC,0,0,0
V10,V10_T08,2024-02-05,2024-02-05,KITE_8,KITE,65,121.726133,1.95,2.622222222,0.2593442888974661,MAC,1,1,3.8558782391208095
V10,V10_T08,2024-02-05,2024-02-05,LEB_8,LEB,65,121.299942,1.95,2.908333333,0.2866342899952729,MAC,0,0,0
V10,V10_T09,2024-02-07,2024-02-07,CONTROL_9,CONTROL,65,106.581659,1.95,3.880555556,0.33604678981261976,MAC,1,1,2.97577608331745
V10,V10_T09,2024-02-07,2024-02-07,KITE_9,KITE,65,117.56619,1.95,4.127777778,0.3942957740524772,MAC,0,0,0
V10,V10_T09,2024-02-07,2024-02-07,LEB_9,LEB,65,86.12187899999999,1.95,4.427777778,0.3098294404040915,MAC,0,0,0
V10,V10_T10,2024-02-13,2024-02-13,CONTROL_10,CONTROL,65,86.293236,1.95,1.85,0.1297095203625,MAC,0,0,0
V10,V10_T10,2024-02-13,2024-02-13,KITE_10,KITE,65,98.054751,1.95,2.138888889,0.1704041766598938,MAC,0,0,0
V10,V10_T10,2024-02-13,2024-02-13,LEB_10,LEB,65,104.250504,1.95,2.475,0.2096412478875,MAC,0,0,0
V10,V10_T11,2024-02-14,2024-02-14,CONTROL_11,CONTROL,65,110.89127,1.95,2.366666667,0.21323467130086635,MAC,0,0,0
V10,V10_T11,2024-02-14,2024-02-14,KITE_11,KITE,65,98.190689,1.95,2.694444444,0.2149626020982228,MAC,0,0,0
V10,V10_T11,2024-02-14,2024-02-14,LEB_11,LEB,65,98.539249,1.95,3.008333333,0.24085661224258312,MAC,0,0,0
V10,V10_T12,2024-02-15,2024-02-15,CONTROL_12,CONTROL,65,105.201439,1.95,1.561111111,0.13343779744432208,MAC,0,0,0
V10,V10_T12,2024-02-15,2024-02-15,KITE_12,KITE,65,111.203021,1.95,1.847222222,0.1669010618800953,MAC,0,0,0
V10,V10_T12,2024-02-15,2024-02-15,LEB_12,LEB,65,105.376474,1.95,2.177777778,0.1864578165134707,MAC,0,0,0
V10,V10_T13,2024-02-17,2024-02-17,CONTROL_13,CONTROL,65,112.617177,1.95,1.119444445,0.10243079697843832,MAC,0,0,0
V10,V10_T13,2024-02-17,2024-02-17,KITE_13,KITE,65,102.757851,1.95,1.369444444,0.11433594910508048,MAC,0,0,0
V10,V10_T13,2024-02-17,2024-02-17,LEB_13,LEB,65,106.376381,1.95,1.597222222,0.13804920969867512,MAC,1,1,7.243793732559101
V10,V10_T14,2024-02-18,2024-02-18,CONTROL_14,CONTROL,65,117.334822,1.95,1.805555556,0.17213181356667648,MAC,1,1,5.809501330866086
V10,V10_T14,2024-02-18,2024-02-18,KITE_14,KITE,65,112.323581,1.95,1.325,0.12092335517031252,MAC,0,0,0
V10,V10_T14,2024-02-18,2024-02-18,LEB_14,LEB,65,110.676812,1.95,2.161111111,0.19433772161639723,MAC,0,0,0
V10,V10_T15,2024-03-09,2024-03-09,CONTROL_15,CONTROL,65,113.229094,1.95,1.158333333,0.10656508999954212,MAC,0,0,0
V10,V10_T15,2024-03-09,2024-03-09,KITE_15,KITE,65,121.786883,1.95,1.555555556,0.1539250882800897,MAC,0,0,0
V10,V10_T15,2024-03-09,2024-03-09,LEB_15,LEB,65,121.301309,1.95,1.338888889,0.13195729205852022,MAC,0,0,0
V10,V10_T16,2024-03-10,2024-03-10,CONTROL_16,CONTROL,65,89.970204,1.95,1.308333333,0.09564020120688306,MAC,0,0,0
V10,V10_T16,2024-03-10,2024-03-10,KITE_16,KITE,65,95.940953,1.95,1.288888889,0.10047149801143912,MAC,0,0,0
V10,V10_T16,2024-03-10,2024-03-10,LEB_16,LEB,65,82.675686,1.95,1.352777778,0.09087148752638588,MAC,0,0,0
V10,V10_T17,2024-03-11,2024-03-11,CONTROL_17,CONTROL,65,86.596428,1.95,1.875,0.13192424578124998,MAC,0,0,0
V10,V10_T17,2024-03-11,2024-03-11,KITE_17,KITE,65,113.954293,1.95,1.319444444,0.12216454149964844,MAC,0,0,0
V10,V10_T17,2024-03-11,2024-03-11,LEB_17,LEB,65,108.032453,1.95,1.958333333,0.17189538742647037,MAC,0,0,0
V10,V10_T18,2024-03-12,2024-03-12,CONTROL_18,CONTROL,65,109.502586,1.95,1.45,0.12900773413125,MAC,0,0,0
V10,V10_T18,2024-03-12,2024-03-12,KITE_18,KITE,65,109.850431,1.95,1.794444444,0.16016040265790127,MAC,0,0,0
V10,V10_T18,2024-03-12,2024-03-12,LEB_18,LEB,65,81.483065,1.95,1.625,0.10758310925781248,MAC,0,0,0
V10,V10_T19,2024-03-13,2024-03-13,CONTROL_19,CONTROL,65,102.504207,1.95,1.85,0.154076636146875,MAC,0,0,0
V10,V10_T19,2024-03-13,2024-03-13,KITE_19,KITE,65,110.900888,1.95,1.794444444,0.16169195437384137,MAC,0,0,0
V10,V10_T19,2024-03-13,2024-03-13,LEB_19,LEB,65,92.74363,1.95,2.108333333,0.15887177032384026,MAC,0,0,0
V10,V10_T20,2024-03-14,2024-03-14,CONTROL_20,CONTROL,65,85.359062,1.95,1.811111111,0.12560823081034952,MAC,0,0,0
V10,V10_T20,2024-03-14,2024-03-14,KITE_20,KITE,65,120.163854,1.95,1.805555556,0.17628204280380916,MAC,0,0,0
V10,V10_T20,2024-03-14,2024-03-14,LEB_20,LEB,65,118.448284,1.95,1.911111111,0.18392386320041787,MAC,0,0,0
V10,V10_T21,2024-03-15,2024-03-15,CONTROL_21,CONTROL,65,80.93181200000001,1.95,1.672222222,0.10996047927566512,MAC,0,0,0
V10,V10_T21,2024-03-15,2024-03-15,KITE_21,KITE,65,103.392235,1.95,1.727777778,0.1451440299162375,MAC,0,0,0
V10,V10_T21,2024-03-15,2024-03-15,LEB_21,LEB,65,115.137955,1.95,2.083333333,0.19489497588027516,MAC,0,0,0
V10,V10_T22,2024-03-16,2024-03-16,CONTROL_22,CONTROL,65,75.92386900000001,1.95,1.275,0.07865238304218751,MAC,0,0,0
V10,V10_T22,2024-03-16,2024-03-16,KITE_22,KITE,65,84.545997,1.95,1.344444444,0.09235475919238616,MAC,0,0,0
V10,V10_T22,2024-03-16,2024-03-16,LEB_22,LEB,65,87.174672,1.95,1.486111111,0.10526038953379674,MAC,0,0,0
V10,V10_T23,2024-03-24,2024-03-24,CONTROL_23,CONTROL,65,74.11778199999999,1.95,1.236111111,0.07443947375546157,MAC,0,0,0
V10,V10_T23,2024-03-24,2024-03-24,KITE_23,KITE,65,60.530351,1.95,1.325,0.0651647059984375,MAC,0,0,0
V10,V10_T23,2024-03-24,2024-03-24,LEB_23,LEB,65,73.302948,1.95,1.536111111,0.0914886967246324,MAC,0,0,0
V10,V10_T24,2024-03-25,2024-03-25,CONTROL_24,CONTROL,65,76.834467,1.95,1.461111111,0.09121425092118857,MAC,0,0,0
V10,V10_T24,2024-03-25,2024-03-25,KITE_24,KITE,65,70.66949699999999,1.95,1.586111111,0.09107286045039094,MAC,0,0,0
V10,V10_T24,2024-03-25,2024-03-25,LEB_24,LEB,65,67.464109,1.95,1.763888889,0.09668684372050022,MAC,0,0,0
V10,V10_T25,2024-03-26,2024-03-26,CONTROL_25,CONTROL,65,58.156834,1.95,1.338888889,0.06326575032538914,MAC,0,0,0
V10,V10_T25,2024-03-26,2024-03-26,KITE_25,KITE,65,54.483073,1.95,1.505555556,0.06664717577627166,MAC,0,0,0
V10,V10_T25,2024-03-26,2024-03-26,LEB_25,LEB,65,55.653957,1.95,1.647222222,0.07448547820401386,MAC,0,0,0
V10,V10_T26,2024-03-27,2024-03-27,CONTROL_26,CONTROL,65,71.24043400000001,1.95,1.308333333,0.07573006549841406,MAC,1,1,13.204795128837462
V10,V10_T26,2024-03-27,2024-03-27,KITE_26,KITE,65,74.008037,1.95,1.516666667,0.09119948728150218,MAC,0,0,0
V10,V10_T26,2024-03-27,2024-03-27,LEB_26,LEB,65,77.683061,1.95,1.422222222,0.089767092697085,MAC,0,0,0
V10,V10_T27,2024-03-29,2024-03-29,CONTROL_27,CONTROL,65,80.196429,1.95,1.686111111,0.10986632312453086,MAC,0,0,0
V10,V10_T27,2024-03-29,2024-03-29,KITE_27,KITE,65,79.564959,1.95,2.013888889,0.13019092684312045,MAC,0,0,0
V10,V10_T27,2024-03-29,2024-03-29,LEB_27,LEB,65,70.726165,1.95,1.869444444,0.10742764191630026,MAC,0,0,0
V10,V10_T28,2024-03-30,2024-03-30,CONTROL_28,CONTROL,65,74.086622,1.95,1.45,0.08728330154375001,MAC,0,0,0
V10,V10_T28,2024-03-30,2024-03-30,KITE_28,KITE,65,61.84663,1.95,1.502777778,0.07551516473165286,MAC,0,0,0
V10,V10_T28,2024-03-30,2024-03-30,LEB_28,LEB,65,90.535229,1.95,1.65,0.12137379137812498,MAC,0,0,0
V10,V10_T29,2024-04-02,2024-04-02,CONTROL_29,CONTROL,65,72.188064,1.95,1.475,0.08651288295,MAC,0,0,0
V10,V10_T29,2024-04-02,2024-04-02,KITE_29,KITE,65,75.260606,1.95,2.161111111,0.13215030712584452,MAC,0,0,0
V10,V10_T29,2024-04-02,2024-04-02,LEB_29,LEB,65,87.13278000000001,1.95,1.738888889,0.12310530619536617,MAC,0,0,0
V10,V10_T30,2024-04-06,2024-04-06,CONTROL_30,CONTROL,65,72.00893699999999,1.95,1.072222222,0.06273278572762338,MAC,0,0,0
V10,V10_T30,2024-04-06,2024-04-06,KITE_30,KITE,65,82.567549,1.95,1.419444444,0.09522503955473254,MAC,0,0,0
V10,V10_T30,2024-04-06,2024-04-06,LEB_30,LEB,65,95.473992,1.95,1.211111111,0.09394906017471412,MAC,0,0,0
V10,V10_T31,2024-04-07,2024-04-07,CONTROL_31,CONTROL,65,74.563538,1.95,1.119444444,0.06781916240050483,MAC,0,0,0
V10,V10_T31,2024-04-07,2024-04-07,KITE_31,KITE,65,64.569309,1.95,1.169444445,0.06135205352862504,MAC,0,0,0
V10,V10_T31,2024-04-07,2024-04-07,LEB_31,LEB,65,76.72784200000001,1.95,1.544444445,0.09628278509991188,MAC,0,0,0
V10,V10_T32,2024-04-08,2024-04-08,CONTROL_32,CONTROL,65,88.670528,1.95,1.369444444,0.09866135655686896,MAC,0,0,0
V10,V10_T32,2024-04-08,2024-04-08,KITE_32,KITE,65,73.823897,1.95,1.502777778,0.09013949091628068,MAC,0,0,0
V10,V10_T32,2024-04-08,2024-04-08,LEB_32,LEB,65,78.08155699999999,1.95,1.666666667,0.1057354417919804,MAC,0,0,0
V10,V10_T33,2024-04-10,2024-04-10,CONTROL_33,CONTROL,65,81.54476700000001,1.95,1.416666667,0.09386142453771004,MAC,0,0,0
V10,V10_T33,2024-04-10,2024-04-10,KITE_33,KITE,65,66.789253,1.95,1.5,0.08139940209375,MAC,0,0,0
V10,V10_T33,2024-04-10,2024-04-10,LEB_33,LEB,65,97.531231,1.95,1.708333333,0.1353753805022311,MAC,0,0,0
V10,V10_T34,2024-04-11,2024-04-11,CONTROL_34,CONTROL,65,73.932526,1.95,1.347222222,0.08092787783908163,MAC,0,0,0
V10,V10_T34,2024-04-11,2024-04-11,KITE_34,KITE,65,64.295499,1.95,1.480555556,0.07734435984457198,MAC,0,0,0
V10,V10_T34,2024-04-11,2024-04-11,LEB_34,LEB,65,65.400862,1.95,1.625,0.08634957560937499,MAC,0,0,0
V10,V10_T35,2024-04-12,2024-04-12,CONTROL_35,CONTROL,65,76.727562,1.95,1.132777778,0.07061866271989525,MAC,0,0,0
V10,V10_T35,2024-04-12,2024-04-12,KITE_35,KITE,65,95.049336,1.95,1.486111111,0.11476877288725248,MAC,0,0,0
V10,V10_T35,2024-04-12,2024-04-12,LEB_35,LEB,65,94.484014,1.95,1.346666667,0.10338125867725607,MAC,0,0,0
V10,V10_T36,2024-04-14,2024-04-14,CONTROL_36,CONTROL,65,72.830016,1.95,1.569444444,0.09287091447370026,MAC,0,0,0
V10,V10_T36,2024-04-14,2024-04-14,KITE_36,KITE,65,86.856696,1.95,1.583333333,0.11173752035147631,MAC,0,0,0
V10,V10_T36,2024-04-14,2024-04-14,LEB_36,LEB,65,73.248242,1.95,1.647222222,0.09803310720517738,MAC,0,0,0
V10,V10_T37,2024-04-24,2024-04-24,CONTROL_37,CONTROL,65,79.44662299999999,1.95,1.35,0.08714301460312499,MAC,0,0,0
V10,V10_T37,2024-04-24,2024-04-24,KITE_37,KITE,65,86.002481,1.95,1.797222222,0.1255845256252704,MAC,0,0,0
V10,V10_T37,2024-04-24,2024-04-24,LEB_37,LEB,65,79.752876,1.95,1.661111111,0.10763869062196676,MAC,0,0,0
V10,V10_T38,2024-04-25,2024-04-25,CONTROL_38,CONTROL,65,80.106504,1.95,1.227777778,0.07991180070613034,MAC,0,0,0
V10,V10_T38,2024-04-25,2024-04-25,KITE_38,KITE,65,97.231079,1.95,1.675,0.1323254215765625,MAC,0,0,0
V10,V10_T38,2024-04-25,2024-04-25,LEB_38,LEB,65,78.10714,1.95,1.402777778,0.0890231552397971,MAC,0,0,0
V10,V10_T40,2024-04-26,2024-04-27,CONTROL_39,CONTROL,330,94.037418,3.3,36.68694444,4.743675102989702,MNZ,0,0,0
V10,V10_T40,2024-04-26,2024-04-27,KITE_39,KITE,330,97.059699,3.3,37.23416667,4.969163388070793,MNZ,0,0,0
V10,V10_T40,2024-04-26,2024-04-27,LEB_39,LEB,330,91.734834,3.3,37.63972222,4.747701295779491,MNZ,0,0,0
V10,V10_T41,2024-04-29,2024-04-29,CONTROL_40,CONTROL,65,74.72420100000001,1.95,1.519444444,0.09225065853395376,MAC,0,0,0
V10,V10_T41,2024-04-29,2024-04-29,KITE_40,KITE,65,92.077896,1.95,1.916666667,0.1433921401499378,MAC,0,0,0
V10,V10_T41,2024-04-29,2024-04-29,LEB_40,LEB,65,78.403335,1.95,1.708333333,0.10882546236157824,MAC,0,0,0
V10,V10_T42,2024-04-30,2024-04-30,CONTROL_41,CONTROL,65,89.35874100000001,1.95,1.613888889,0.1171747518783796,MAC,0,0,0
V10,V10_T42,2024-04-30,2024-04-30,KITE_41,KITE,65,72.956265,1.95,2.036111111,0.12069448769914284,MAC,0,0,0
V10,V10_T42,2024-04-30,2024-04-30,LEB_41,LEB,65,76.182015,1.95,1.905555556,0.11794986283480186,MAC,0,0,0
V10,V10_T43,2024-05-01,2024-05-01,CONTROL_42,CONTROL,65,84.42653899999999,1.95,1.258333333,0.08631734167348863,MAC,0,0,0
V10,V10_T43,2024-05-01,2024-05-01,KITE_42,KITE,65,83.069575,1.95,1.425,0.0961789923046875,MAC,0,0,0
V10,V10_T43,2024-05-01,2024-05-01,LEB_42,LEB,65,70.829617,1.95,1.344444444,0.07737151910011708,MAC,0,0,0
V10,V10_T44,2024-05-02,2024-05-02,CONTROL_43,CONTROL,65,89.383875,1.95,1.252777778,0.09098223250311792,MAC,0,0,0
V10,V10_T44,2024-05-02,2024-05-02,KITE_43,KITE,65,75.240448,1.95,1.619444445,0.0990012770117405,MAC,0,0,0
V10,V10_T44,2024-05-02,2024-05-02,LEB_43,LEB,65,77.42096,1.95,1.363888889,0.08579478953476717,MAC,0,0,0
V10,V10_T45,2024-05-07,2024-05-07,CONTROL_44,CONTROL,65,72.775362,1.95,1.513888889,0.08951622218886167,MAC,0,0,0
V10,V10_T45,2024-05-07,2024-05-07,KITE_44,KITE,65,73.064122,1.95,2.052777778,0.12186232988367822,MAC,0,0,0
V10,V10_T45,2024-05-07,2024-05-07,LEB_44,LEB,65,70.243749,1.95,1.752777778,0.10003636686112038,MAC,0,0,0
V10,V10_T46,2024-05-26,2024-05-26,CONTROL_45,CONTROL,65,72.632689,1.95,1.086111111,0.06409582606757482,MAC,0,0,0
V10,V10_T46,2024-05-26,2024-05-26,KITE_45,KITE,65,70.10053500000001,1.95,1.444444444,0.08227076674551924,MAC,0,0,0
V10,V10_T46,2024-05-26,2024-05-26,LEB_45,LEB,65,71.311261,1.95,1.352777778,0.07838048497659092,MAC,0,0,0
V10,V10_T47,2024-06-03,2024-06-03,CONTROL_46,CONTROL,65,66.876828,1.95,2.2,0.11954233005000002,MAC,0,0,0
V10,V10_T47,2024-06-03,2024-06-03,KITE_46,KITE,65,74.323919,1.95,2.413888889,0.14577036683709174,MAC,0,0,0
V10,V10_T47,2024-06-03,2024-06-03,LEB_46,LEB,65,82.266335,1.95,2.344444445,0.15670594233227303,MAC,0,0,0
V12,V12_T01,2024-07-27,2024-07-27,CONTROL_47,CONTROL,110,173.39627299999998,3.3,4.552777778,1.0854727104408293,100,0,0,0
V12,V12_T01,2024-07-27,2024-07-27,KITE_47,KITE,110,169.258651,3.3,3.661111111,0.8520527507373354,100,0,0,0
V12,V12_T01,2024-07-27,2024-07-27,LEB_47,LEB,110,154.574832,3.3,4.138888889,0.8796810751902822,100,0,0,0
V12,V12_T02,2024-07-28,2024-07-28,CONTROL_48,CONTROL,110,163.442226,3.3,3.602777778,0.8096632772520241,100,0,0,0
V12,V12_T02,2024-07-28,2024-07-28,KITE_48,KITE,110,169.967512,3.3,4.044444444,0.945208219407242,100,0,0,0
V12,V12_T02,2024-07-28,2024-07-28,LEB_48,LEB,110,158.70730799999998,3.3,3.316666667,0.7237714525977407,100,0,0,0
V12,V12_T03,2024-07-29,2024-07-31,CONTROL_49,CONTROL,330,150,2.64,48,7.92,SLO,0,0,0
V12,V12_T03,2024-07-29,2024-07-31,KITE_49,KITE,330,150,2.64,48,7.92,SLO,0,0,0
V12,V12_T03,2024-07-29,2024-07-31,LEB_49,LEB,330,150,2.64,48,7.92,SLO,0,0,0
V12,V12_T04,2024-07-31,2024-08-01,CONTROL_50,CONTROL,330,246.928236,2.64,22.58333333,6.134108928394596,SLO,0,0,0
V12,V12_T04,2024-07-31,2024-08-01,KITE_50,KITE,330,235.787088,2.64,22.31666667,5.788180032784554,SLO,0,0,0
V12,V12_T04,2024-07-31,2024-08-01,LEB_50,LEB,330,240.934524,2.64,22.17777778,5.877731566082285,SLO,0,0,0
V12,V12_T05,2024-08-02,2024-08-02,CONTROL_51,CONTROL,68,89.231102,2.04,2.677777778,0.2030999027357437,MUR,0,0,0
V12,V12_T05,2024-08-02,2024-08-02,KITE_51,KITE,68,72.95056799999999,2.04,2.063888889,0.1279775867302231,MUR,0,0,0
V12,V12_T05,2024-08-02,2024-08-02,LEB_51,LEB,68,79.139711,2.04,2.422222222,0.16293987163282916,MUR,0,0,0
V12,V12_T06,2024-08-06,2024-08-06,CONTROL_52,CONTROL,68,77.312497,2.04,3.736111111,0.24552086720172603,MUR,0,0,0
V12,V12_T06,2024-08-06,2024-08-06,KITE_52,KITE,68,80.214808,2.04,4.25,0.28977599390000003,MUR,0,0,0
V12,V12_T06,2024-08-06,2024-08-06,LEB_52,LEB,68,85.229531,2.04,3.916666667,0.28374331364498173,MUR,0,0,0
V12,V12_T07,2024-08-07,2024-08-07,CONTROL_53,CONTROL,68,164.12442199999998,2.04,2.652777778,0.37007777658239016,MUR,0,0,0
V12,V12_T07,2024-08-07,2024-08-07,KITE_53,KITE,68,146.678228,2.04,2.3,0.28675593573999997,MUR,0,0,0
V12,V12_T07,2024-08-07,2024-08-07,LEB_53,LEB,68,159.923957,2.04,3.075,0.4180012426087501,MUR,0,0,0
V12,V12_T08,2024-08-09,2024-08-09,CONTROL_54,CONTROL,68,160.458874,2.04,3.155555556,0.4303863576561734,MUR,0,0,0
V12,V12_T08,2024-08-09,2024-08-09,KITE_54,KITE,68,148.715771,2.04,2.497222222,0.31566987888760367,MUR,0,0,0
V12,V12_T08,2024-08-09,2024-08-09,LEB_54,LEB,68,155.50448,2.04,2.816666667,0.3723036425773929,MUR,0,0,0
V12,V12_T09,2024-08-12,2024-08-12,CONTROL_55,CONTROL,68,171.579125,2.04,2.808333333,0.4095736695868026,MUR,0,0,0
V12,V12_T09,2024-08-12,2024-08-12,KITE_55,KITE,68,149.92106099999998,2.04,2.519444444,0.3210601165487798,MUR,0,0,0
V12,V12_T09,2024-08-12,2024-08-12,LEB_55,LEB,68,162.980793,2.04,3.111111111,0.43099365258460737,MUR,0,0,0
V12,V12_T10,2024-08-14,2024-08-14,CONTROL_56,CONTROL,150,73.81398899999999,4.5,3.708333333,0.5132378922194912,POL,0,0,0
V12,V12_T10,2024-08-14,2024-08-14,KITE_56,KITE,150,54.099905,4.5,3.45,0.34995876046875,POL,0,0,0
V12,V12_T10,2024-08-14,2024-08-14,LEB_56,LEB,150,84.977767,4.5,3.572222222,0.5691740018500093,POL,0,0,0
V12,V12_T11,2024-08-16,2024-08-16,CONTROL_57,CONTROL,150,75.92195,4.5,4.008333333,0.5706009054212988,POL,0,0,0
V12,V12_T11,2024-08-16,2024-08-16,KITE_57,KITE,150,75,4.5,4.275,0.601171875,POL,0,0,0
V12,V12_T11,2024-08-16,2024-08-16,LEB_57,LEB,150,75.083149,4.5,4.433333333,0.6241286760155731,POL,0,0,0
V12,V12_T12,2024-08-17,2024-08-17,CONTROL_58,CONTROL,150,72.446628,4.5,3.325,0.45165944643750006,POL,0,0,0
V12,V12_T12,2024-08-17,2024-08-17,KITE_58,KITE,150,66.46591000000001,4.5,2.844444444,0.35448485327794516,POL,0,0,0
V12,V12_T12,2024-08-17,2024-08-17,LEB_58,LEB,150,53.718235,4.5,3.058333333,0.3080405037945511,POL,0,0,0
V12,V12_T13,2024-08-18,2024-08-18,CONTROL_59,CONTROL,150,84.868606,4.5,3.616666667,0.5755152344905429,POL,0,0,0
V12,V12_T13,2024-08-18,2024-08-18,KITE_59,KITE,150,70.554743,4.5,3.391666667,0.4486840688097218,POL,0,0,0
V12,V12_T13,2024-08-18,2024-08-18,LEB_59,LEB,150,69.94921099999999,4.5,3.247222222,0.4258886856948128,POL,0,0,0
V12,V12_T14,2024-08-21,2024-08-21,CONTROL_60,CONTROL,68,173.748165,2.04,2.386111111,0.3523950629690072,MUR,0,0,0
V12,V12_T14,2024-08-21,2024-08-21,KITE_60,KITE,68,153.373027,2.04,1.852777778,0.24154121574466492,MUR,0,0,0
V12,V12_T14,2024-08-21,2024-08-21,LEB_60,LEB,68,170.86157,2.04,2.108333333,0.3061981718557559,MUR,0,0,0
V12,V12_T15,2024-08-28,2024-08-28,CONTROL_61,CONTROL,150,74.109731,4.5,5.897222222,0.8194529109743293,POL,0,0,0
V12,V12_T15,2024-08-28,2024-08-28,KITE_61,KITE,150,78.298827,4.5,5.516666667,0.8099034918301867,POL,0,0,0
V12,V12_T15,2024-08-28,2024-08-28,LEB_61,LEB,150,69.672269,4.5,5.730555556,0.7486140154070186,POL,0,0,0
V12,V12_T16,2024-08-29,2024-08-29,CONTROL_62,CONTROL,150,86.047251,4.5,3.391666667,0.5472067368819045,POL,0,0,0
V12,V12_T16,2024-08-29,2024-08-29,KITE_62,KITE,150,73.13937600000001,4.5,4.333333333,0.5942574299542879,POL,0,0,0
V12,V12_T16,2024-08-29,2024-08-29,LEB_62,LEB,150,57.132514,4.5,3.722222222,0.3987373372678614,POL,0,0,0
V12,V12_T18,2024-08-30,2024-08-31,CONTROL_63,CONTROL,330,251.537372,2.64,22.13583333,6.12478827714403,SKX,0,0,0
V12,V12_T18,2024-08-30,2024-08-31,KITE_63,KITE,330,233.179106,2.64,22.76638889,5.839510829040386,SKX,0,0,0
V12,V12_T18,2024-08-30,2024-08-31,LEB_63,LEB,330,258.431774,2.64,23.02194444,6.5445621368145,SKX,0,0,0
V12,V12_T19,2024-09-07,2024-09-07,CONTROL_64,CONTROL,68,100,2.04,2.008055556,0.17068472226,MUR,0,0,0
V12,V12_T19,2024-09-07,2024-09-07,KITE_64,KITE,68,100,2.04,3.540833333,0.300970833305,MUR,0,0,0
V12,V12_T19,2024-09-07,2024-09-07,LEB_64,LEB,68,110.296553,2.04,2.736388889,0.2565421228055697,MUR,0,0,0
V12,V12_T20,2024-09-14,2024-09-14,CONTROL_65,CONTROL,150,90.629805,4.5,3.718888889,0.6319540778001312,POL,0,0,0
V12,V12_T20,2024-09-14,2024-09-14,KITE_65,KITE,150,75,4.5,3.278333333,0.46101562495312504,MUR,0,0,0
V12,V12_T20,2024-09-14,2024-09-14,LEB_65,LEB,150,78.17239400000001,4.5,2.938333333,0.4306810331448924,POL,0,0,0
V12,V12_T21,2024-09-22,2024-09-22,CONTROL_66,CONTROL,68,74.89594500000001,2.04,2.745,0.17475096367125004,MUR,0,0,0
V12,V12_T21,2024-09-22,2024-09-22,KITE_66,KITE,68,68.890823,2.04,2.061666667,0.1207254264251024,MUR,0,0,0
V12,V12_T21,2024-09-22,2024-09-22,LEB_66,LEB,68,71.733401,2.04,2.450555555,0.1494186816546537,MUR,0,0,0
V12,V12_T22,2024-10-12,2024-10-12,CONTROL_67,CONTROL,68,66.54390000000001,2.04,2.627777778,0.14863319442923606,MUR,0,0,0
V12,V12_T22,2024-10-12,2024-10-12,KITE_67,KITE,68,73.72167999999999,2.04,2.191666667,0.13733734638755446,MUR,0,0,0
V12,V12_T22,2024-10-12,2024-10-12,LEB_67,LEB,68,90.626412,2.04,3.069444444,0.23644682627409672,MUR,0,0,0
V12,V12_T23,2024-10-13,2024-10-13,CONTROL_68,CONTROL,68,86.949996,2.04,2.390555556,0.17667997662718107,MUR,0,0,0
V12,V12_T23,2024-10-13,2024-10-13,KITE_68,KITE,68,77.154882,2.04,2.024166667,0.13274818928961055,MUR,0,0,0
V12,V12_T23,2024-10-13,2024-10-13,LEB_68,LEB,68,79.989683,2.04,2.779444444,0.18897784799292056,MUR,0,0,0
V12,V12_T24,2024-10-27,2024-10-27,CONTROL_69,CONTROL,68,75.775507,2.04,2.89,0.1861425329455,MUR,0,0,0
V12,V12_T24,2024-10-27,2024-10-27,KITE_69,KITE,68,75,2.04,2.015,0.12845625000000002,MUR,0,0,0
V12,V12_T24,2024-10-27,2024-10-27,LEB_69,LEB,68,75.424302,2.04,2.448333333,0.1569642577991298,MUR,0,0,0
V12,V12_T25,2024-10-30,2024-10-30,CONTROL_70,CONTROL,68,92.471149,2.04,2.638888889,0.20741792450178895,MUR,0,0,0
V12,V12_T25,2024-10-30,2024-10-30,KITE_70,KITE,68,74.200258,2.04,1.911111111,0.12053419687743663,MUR,0,0,0
V12,V12_T25,2024-10-30,2024-10-30,LEB_70,LEB,68,70.927789,2.04,2.252777778,0.13581686486659192,MUR,0,0,0
V12,V12_T26,2024-10-31,2024-10-31,CONTROL_71,CONTROL,68,87.51748500000001,2.04,3.741666667,0.27834206794354666,MUR,0,0,0
V12,V12_T26,2024-10-31,2024-10-31,KITE_71,KITE,68,82.628332,2.04,3.097222222,0.21753056013161465,MUR,0,0,0
V12,V12_T26,2024-10-31,2024-10-31,LEB_71,LEB,68,71.011145,2.04,3.441666667,0.20773718712220315,MUR,0,0,0
V12,V12_T27,2024-11-01,2024-11-01,CONTROL_72,CONTROL,68,93.223547,2.04,3.247222222,0.2573099374172523,MUR,0,0,0
V12,V12_T27,2024-11-01,2024-11-01,KITE_72,KITE,68,57.354705,2.04,2.544444444,0.12404548140333264,MUR,0,0,0
V12,V12_T27,2024-11-01,2024-11-01,LEB_72,LEB,68,74.655321,2.04,2.947222222,0.18702194788548185,MUR,0,0,0
V12,V12_T28,2024-11-02,2024-11-02,CONTROL_73,CONTROL,68,90.353912,2.04,3.230555556,0.2481093325552448,MUR,0,0,0
V12,V12_T28,2024-11-02,2024-11-02,KITE_73,KITE,68,81.740803,2.04,2.611111111,0.1814191710950578,MUR,0,0,0
V12,V12_T28,2024-11-02,2024-11-02,LEB_73,LEB,68,74.525991,2.04,2.925,0.18529024512375,MUR,0,0,0
V12,V12_T29,2024-11-11,2024-11-11,CONTROL_74,CONTROL,68,81.649006,2.04,4.255555556,0.29534259895640075,MUR,0,0,0
V12,V12_T29,2024-11-11,2024-11-11,KITE_74,KITE,68,69.63991399999999,2.04,3.177777778,0.1881051454953764,MUR,0,0,0
V12,V12_T29,2024-11-11,2024-11-11,LEB_74,LEB,68,67.610778,2.04,3.630555556,0.2086449828563752,MUR,0,0,0
V12,V12_T30,2024-11-12,2024-11-12,CONTROL_75,CONTROL,68,68.485775,2.04,3.008333333,0.17512383380351235,MUR,0,0,0
V12,V12_T30,2024-11-12,2024-11-12,KITE_75,KITE,68,63.933006,2.04,2.188888889,0.11895090950270476,MUR,0,0,0
V12,V12_T30,2024-11-12,2024-11-12,LEB_75,LEB,68,68.31959499999999,2.04,2.627777778,0.15259940651151588,MUR,0,0,0
V12,V12_T31,2024-11-14,2024-11-14,CONTROL_76,CONTROL,68,61.688714,2.04,3.197222222,0.16764764816029215,MUR,0,0,0
V12,V12_T31,2024-11-14,2024-11-14,KITE_76,KITE,68,56.491316,2.04,3.580555556,0.17192975106411895,MUR,0,0,0
V12,V12_T31,2024-11-14,2024-11-14,LEB_76,LEB,68,58.101727,2.04,3.413888889,0.16859991420145956,MUR,0,0,0
V12,V12_T32,2024-11-27,2024-11-27,CONTROL_77,CONTROL,68,75,2.04,3.234166667,0.20617812502125,MUR,0,0,0
V12,V12_T32,2024-11-27,2024-11-27,KITE_77,KITE,68,74.817621,2.04,2.102777778,0.13372610621538225,MUR,0,0,0
V12,V12_T32,2024-11-27,2024-11-27,LEB_77,LEB,68,75,2.04,2.530555556,0.16132291669499998,MUR,0,0,0
V12,V12_T33,2024-12-04,2024-12-04,CONTROL_78,CONTROL,68,66.194622999999993,2.04,2.861111111,0.1609816456506927,MUR,0,0,0
V12,V12_T33,2024-12-04,2024-12-04,KITE_78,KITE,68,91.14882,2.04,2.155555556,0.16700489356776732,MUR,0,0,0
V12,V12_T33,2024-12-04,2024-12-04,LEB_78,LEB,68,70.83762899999999,2.04,2.463888889,0.14835563996377357,MUR,0,0,0
V12,V12_T34,2024-12-14,2024-12-14,CONTROL_79,CONTROL,68,70.110771,2.04,3.433055556,0.20459004612944465,MUR,0,0,0
V12,V12_T34,2024-12-14,2024-12-14,KITE_79,KITE,68,80.53929699999999,2.04,2.666666667,0.18255573988948612,MUR,0,0,0
V12,V12_T34,2024-12-14,2024-12-14,LEB_79,LEB,68,71.298754,2.04,2.986111111,0.18097010129187735,MUR,0,0,0
V12,V12_T35,2024-12-27,2024-12-27,CONTROL_80,CONTROL,68,74.447096,2.04,4.319166667,0.2733170031734267,MUR,0,0,0
V12,V12_T35,2024-12-27,2024-12-27,KITE_80,KITE,68,78.093132,2.04,3.6275,0.2407904108805,MUR,0,0,0
V12,V12_T35,2024-12-27,2024-12-27,LEB_80,LEB,68,68.75020099999999,2.04,3.955277778,0.23113722091108335,MUR,0,0,0
V12,V12_T36,2024-12-30,2024-12-30,CONTROL_81,CONTROL,68,77.54534100000001,2.04,4.075,0.26859767488875,MUR,0,0,0
V12,V12_T36,2024-12-30,2024-12-30,KITE_81,KITE,68,70.50150400000001,2.04,3.080555556,0.1846062298755228,MUR,0,0,0
V12,V12_T36,2024-12-30,2024-12-30,LEB_81,LEB,68,64.742975,2.04,3.652777778,0.2010179453073681,MUR,0,0,0
V12,V12_T37,2025-01-02,2025-01-02,CONTROL_82,CONTROL,68,75,2.04,1.304722222,0.0831760416525,MUR,0,0,0
V12,V12_T37,2025-01-02,2025-01-02,KITE_82,KITE,68,86.580467,2.04,1.743888889,0.12833870724487148,MUR,0,0,0
V12,V12_T37,2025-01-02,2025-01-02,LEB_82,LEB,68,75,2.04,1.521666667,0.09700625002125,MUR,0,0,0
V12,V12_T38,2025-01-03,2025-01-03,CONTROL_83,CONTROL,68,67.718114,2.04,2.738888889,0.15765153151584005,MUR,0,0,0
V12,V12_T38,2025-01-03,2025-01-03,KITE_83,KITE,68,76.491439,2.04,1.583333333,0.10294472829916076,MUR,0,0,0
V12,V12_T38,2025-01-03,2025-01-03,LEB_83,LEB,68,60.729217000000006,2.04,2.266666667,0.11700495810387328,MUR,0,0,0
V12,V12_T39,2025-01-14,2025-01-14,CONTROL_84,CONTROL,68,97.205237,2.04,3.236111111,0.2673819053776251,MUR,1,1,3.739968860599202
V12,V12_T39,2025-01-14,2025-01-14,KITE_84,KITE,68,78.758678,2.04,2.758333333,0.1846562837718517,MUR,1,1,5.415466939839045
V12,V12_T39,2025-01-14,2025-01-14,LEB_84,LEB,68,90.928119,2.04,2.419444444,0.1869962024702327,MUR,0,0,0
V12,V12_T40,2025-01-15,2025-01-15,CONTROL_85,CONTROL,68,87.318364,2.04,3.558333333,0.26410166842359317,MUR,0,0,0
V12,V12_T40,2025-01-15,2025-01-15,KITE_85,KITE,68,84.885621,2.04,2.744444444,0.1980192902895988,MUR,0,0,0
V12,V12_T40,2025-01-15,2025-01-15,LEB_85,LEB,68,82.817455,2.04,3.119444444,0.2195927823860745,MUR,0,0,0
V12,V12_T41,2025-01-17,2025-01-17,CONTROL_86,CONTROL,68,94.3635,2.04,2.108333333,0.1691072555982637,MUR,0,0,0
V12,V12_T41,2025-01-17,2025-01-17,KITE_86,KITE,68,89.27298,2.04,2.436388889,0.1848781420759313,MUR,0,0,0
V12,V12_T41,2025-01-17,2025-01-17,LEB_86,LEB,68,83.38512800000001,2.04,2.266666667,0.16065534663695913,MUR,0,0,0
V12,V12_T42,2025-01-22,2025-01-22,CONTROL_87,CONTROL,68,94.325428,2.04,3.121666667,0.2502846627723922,MUR,1,1,3.995450575848492
V12,V12_T42,2025-01-22,2025-01-22,KITE_87,KITE,68,100.881614,2.04,2.358333333,0.2022256020355835,MUR,0,0,0
V12,V12_T42,2025-01-22,2025-01-22,LEB_87,LEB,68,81.572294,2.04,2.760555555,0.1914071219354242,MUR,0,0,0
V12,V12_T43,2025-01-25,2025-01-25,CONTROL_88,CONTROL,68,79.657831,2.04,2.112777778,0.1430544009034076,MUR,0,0,0
V12,V12_T43,2025-01-25,2025-01-25,KITE_88,KITE,68,90.341999,2.04,2.526666667,0.19402449987793027,MUR,0,0,0
V12,V12_T43,2025-01-25,2025-01-25,LEB_88,LEB,68,91.431236,2.04,2.326666667,0.1808205077552389,MUR,0,0,0
V12,V12_T44,2025-02-05,2025-02-05,CONTROL_89,CONTROL,68,93.392423,2.04,4.336111111,0.3442159345954852,MUR,0,0,0
V12,V12_T44,2025-02-05,2025-02-05,KITE_89,KITE,68,86.98951600000001,2.04,3.572222222,0.2641339998157909,MUR,0,0,0
V12,V12_T44,2025-02-05,2025-02-05,LEB_89,LEB,68,76.05698199999999,2.04,3.977777778,0.2571571069321441,MUR,0,0,0
V12,V12_T45,2025-02-08,2025-02-08,CONTROL_90,CONTROL,68,79.43521100000001,2.04,3.626944444,0.24489103261525505,MUR,0,0,0
V12,V12_T45,2025-02-08,2025-02-08,KITE_90,KITE,68,75.96015200000001,2.04,2.774166667,0.1791172034438554,MUR,0,0,0
V12,V12_T45,2025-02-08,2025-02-08,LEB_90,LEB,68,80.973018,2.04,3.201944445,0.2203804394029873,MUR,0,0,0
V12,V12_T46,2025-02-22,2025-02-22,CONTROL_91,CONTROL,68,91.333925,2.04,3.552777778,0.2758157682498908,MUR,0,0,0
V12,V12_T46,2025-02-22,2025-02-22,KITE_91,KITE,68,84.306899,2.04,2.644444444,0.18950317405370629,MUR,0,0,0
V12,V12_T46,2025-02-22,2025-02-22,LEB_91,LEB,68,80.551749,2.04,3.127777778,0.21415577492604865,MUR,0,0,0
V12,V12_T47,2025-02-28,2025-02-28,CONTROL_92,CONTROL,68,92.764296,2.04,3.561111111,0.28079237041123895,MUR,0,0,0
V12,V12_T47,2025-02-28,2025-02-28,KITE_92,KITE,68,81.942014,2.04,2.811111111,0.19579589011114992,MUR,0,0,0
V12,V12_T47,2025-02-28,2025-02-28,LEB_92,LEB,68,80.213736,2.04,3.175,0.21647682003,MUR,0,0,0
V12,V12_T48,2025-03-01,2025-03-01,CONTROL_93,CONTROL,68,98.73938,2.04,4.536111111,0.3807088789045635,MUR,0,0,0
V12,V12_T48,2025-03-01,2025-03-01,KITE_93,KITE,68,75.289595,2.04,3.822222222,0.24460752863022311,MUR,0,0,0
V12,V12_T48,2025-03-01,2025-03-01,LEB_93,LEB,68,79.41937,2.04,4.216666667,0.2846522586641689,MUR,0,0,0
V12,V12_T49,2025-03-03,2025-03-03,CONTROL_94,CONTROL,68,73.564603,2.04,2.486111111,0.15545631036041335,MUR,0,0,0
V12,V12_T49,2025-03-03,2025-03-03,KITE_94,KITE,68,74.25475800000001,2.04,2.908333333,0.1835639496514612,MUR,0,0,0
V12,V12_T49,2025-03-03,2025-03-03,LEB_94,LEB,68,72.432161,2.04,2.686111111,0.16537670758746478,MUR,0,0,0
V12,V12_T50,2025-03-04,2025-03-04,CONTROL_95,CONTROL,68,71.849886,2.04,4.897222222,0.2990851296122617,MUR,0,0,0
V12,V12_T50,2025-03-04,2025-03-04,KITE_95,KITE,68,85.52398099999999,2.04,4.091666667,0.2974452789438151,MUR,0,0,0
V12,V12_T50,2025-03-04,2025-03-04,LEB_95,LEB,68,70.419694,2.04,4.486111111,0.26852398593362703,MUR,0,0,0
V12,V12_T51,2025-03-14,2025-03-14,CONTROL_96,CONTROL,68,74.919252,2.04,3.4725,0.2211335371845,MUR,0,0,0
V12,V12_T51,2025-03-14,2025-03-14,KITE_96,KITE,68,69.200674,2.04,2.780555555,0.1635538707253775,MUR,0,0,0
V12,V12_T51,2025-03-14,2025-03-14,LEB_96,LEB,68,68.877394,2.04,3.166666667,0.18539498553618192,MUR,0,0,0
V12,V12_T52,2025-03-27,2025-03-27,CONTROL_97,CONTROL,68,71.919967,2.04,2.927777778,0.1789808290005293,MUR,0,0,0
V12,V12_T52,2025-03-27,2025-03-27,KITE_97,KITE,68,84.306139,2.04,2.252777778,0.16143454701495227,MUR,0,0,0
V12,V12_T52,2025-03-27,2025-03-27,LEB_97,LEB,68,73.636837,2.04,2.627777778,0.16447605732418696,MUR,0,0,0
V12,V12_T53,2025-03-28,2025-03-28,CONTROL_98,CONTROL,68,88.663407,2.04,1.897222222,0.1429820581328358,MUR,0,0,0
V12,V12_T53,2025-03-28,2025-03-28,KITE_98,KITE,68,86.619351,2.04,1.302777778,0.09591890078344478,MUR,0,0,0
V12,V12_T53,2025-03-28,2025-03-28,LEB_98,LEB,68,85.689191,2.04,1.597222222,0.11633497804284204,MUR,0,0,0
V12,V12_T54,2025-03-29,2025-03-29,CONTROL_99,CONTROL,68,84.06921200000001,2.04,1.836111111,0.13120635210928236,MUR,0,0,0
V12,V12_T54,2025-03-29,2025-03-29,KITE_99,KITE,68,97.231528,2.04,1.211111111,0.10009445631526148,MUR,0,0,0
V12,V12_T54,2025-03-29,2025-03-29,LEB_99,LEB,68,71.448052,2.04,1.530555556,0.09295193101088038,MUR,0,0,0
V12,V12_T55,2025-03-30,2025-03-30,CONTROL_100,CONTROL,68,81.38126,2.04,1.855555556,0.1283563317751885,MUR,0,0,0
V12,V12_T55,2025-03-30,2025-03-30,KITE_100,KITE,68,85.683184,2.04,2.180555556,0.15881140148792472,MUR,0,0,0
V12,V12_T55,2025-03-30,2025-03-30,LEB_100,LEB,68,78.297827,2.04,2.013888889,0.13403065525392258,MUR,0,0,0
V12,V12_T56,2025-03-31,2025-03-31,CONTROL_101,CONTROL,68,71.262173,2.04,1.896111111,0.1148528483164086,MUR,0,0,0
V12,V12_T56,2025-03-31,2025-03-31,KITE_101,KITE,68,82.307484,2.04,1.165833333,0.08156328714217954,MUR,0,0,0
V12,V12_T56,2025-03-31,2025-03-31,LEB_101,LEB,68,75,2.04,1.468611111,0.09362395832625,MUR,0,0,0
V13,V13_T02,2024-08-13,2024-08-14,CONTROL_102,CONTROL,105,179.269135,4.2,9.780277778,3.068278390313119,BSS,0,0,0
V13,V13_T02,2024-08-13,2024-08-14,KITE_102,KITE,105,162.863277,4.2,9.496944444,2.7067311138643704,BSS,0,0,0
V13,V13_T02,2024-08-13,2024-08-14,LEB_102,LEB,105,163.471325,4.2,10.95527778,3.1340291052694025,BSS,0,0,0
V13,V13_T03,2024-08-14,2024-08-15,CONTROL_103,CONTROL,105,172.983666,4.2,9.7325,2.94623617635375,BSS,0,0,0
V13,V13_T03,2024-08-14,2024-08-15,KITE_103,KITE,105,184.247021,4.2,8.679722222,2.798622684394251,BSS,0,0,0
V13,V13_T03,2024-08-14,2024-08-15,LEB_103,LEB,105,164.89640599999998,4.2,9.288055555,2.6802422145587115,BSS,0,0,0
V13,V13_T05,2024-08-16,2024-08-17,CONTROL_104,CONTROL,105,163.563096,4.2,9.461388889,2.708184603503471,BSS,0,0,0
V13,V13_T05,2024-08-16,2024-08-17,KITE_104,KITE,105,170.968032,4.2,9.344722222,2.7958853437935125,BSS,0,0,0
V13,V13_T05,2024-08-16,2024-08-17,LEB_104,LEB,105,175.751566,4.2,9.325277778,2.868131302519876,BSS,0,0,0
V13,V13_T06,2024-08-17,2024-08-18,CONTROL_105,CONTROL,105,161.266891,4.2,8.661944445,2.4445484886547733,BSS,0,0,0
V13,V13_T06,2024-08-17,2024-08-18,KITE_105,KITE,105,173.568583,4.2,8.209166667,2.49349349550354,BSS,0,0,0
V13,V13_T06,2024-08-17,2024-08-18,LEB_105,LEB,105,174.609753,4.2,7.7175,2.3582138453606256,BSS,0,0,0
V14,V14_T02,2025-02-11,2025-02-12,CONTROL_106,CONTROL,130,238.212983,1.625,17.87944444,2.8837763191488093,SOL,0,0,0
V14,V14_T02,2025-02-11,2025-02-12,KITE_106,KITE,130,252.796116,1.625,17.71277778,3.0317905490946004,SOL,0,0,0
V14,V14_T02,2025-02-11,2025-02-12,LEB_106,LEB,130,219.219716,1.625,17.5125,2.5993806559296875,SOL,0,0,0
V14,V14_T03,2025-02-12,2025-02-13,CONTROL_107,CONTROL,130,227.082161,1.625,17.65722222,2.714860537847533,SOL,0,0,0
V14,V14_T03,2025-02-12,2025-02-13,KITE_107,KITE,130,268.48233300000004,1.625,18.13555556,3.296770389114531,SOL,0,0,0
V14,V14_T03,2025-02-12,2025-02-13,LEB_107,LEB,130,215.489856,1.625,17.48805556,2.55158757637902,SOL,0,0,0
V2,V2_T01,2023-10-25,2023-10-25,CONTROL_108,CONTROL,100,214.643181,5,3.713055555,1.660379282406084,MUR,0,0,0
V2,V2_T01,2023-10-25,2023-10-25,KITE_108,KITE,100,226.59269300000005,5,5.901944444,2.7861197614632243,MUR,0,0,0
V2,V2_T01,2023-10-25,2023-10-25,LEB_108,LEB,100,203.572496,5,4.851666667,2.0576372774191474,MUR,0,0,0
V2,V2_T02,2023-11-11,2023-11-11,CONTROL_109,CONTROL,100,196.580123,5,5.702222222,2.3352990536960276,100,0,0,0
V2,V2_T02,2023-11-11,2023-11-11,KITE_109,KITE,100,210.259093,5,5.467222222,2.3948608033899266,100,0,0,0
V2,V2_T02,2023-11-11,2023-11-11,LEB_109,LEB,100,192.06437000000005,5,5.059166667,2.0243451221299065,100,0,0,0
V2,V2_T04,2023-11-14,2023-11-15,CONTROL_110,CONTROL,100,221.699317,5,14.43166667,6.665605508147218,100,0,0,0
V2,V2_T04,2023-11-14,2023-11-15,KITE_110,KITE,100,204.751552,5,14.9625,6.382489785,100,0,0,0
V2,V2_T04,2023-11-14,2023-11-15,LEB_110,LEB,100,182.606573,5,14.67,5.5809133873125,100,0,0,0
V2,V2_T05,2023-12-11,2023-12-11,CONTROL_111,CONTROL,100,200,5,4.064722222,1.6936342591666669,100,0,0,0
V2,V2_T05,2023-12-11,2023-12-11,KITE_111,KITE,100,200,5,3.596666667,1.49861111125,100,0,0,0
V2,V2_T05,2023-12-11,2023-12-11,LEB_111,LEB,100,200,5,3.850555556,1.6043981483333334,100,0,0,0
V2,V2_T06,2023-12-11,2023-12-12,CONTROL_112,CONTROL,100,213.893958,5,20.19027778,8.997038390590944,100,0,0,0
V2,V2_T06,2023-12-11,2023-12-12,KITE_112,KITE,100,179.192436,5,19.08277778,7.123936325093484,100,0,0,0
V2,V2_T06,2023-12-11,2023-12-12,LEB_112,LEB,100,197.660524,5,19.82444444,8.163562658373515,100,0,0,0
V2,V2_T07,2024-01-13,2024-01-13,CONTROL_113,CONTROL,70,214.453544,2.8,2.939166667,0.7353671595022874,MAC,0,0,0
V2,V2_T07,2024-01-13,2024-01-13,KITE_113,KITE,70,199.265698,2.8,2.766944444,0.6432499686210288,MAC,0,0,0
V2,V2_T07,2024-01-13,2024-01-13,LEB_113,LEB,70,187.757425,2.8,2.858611111,0.6261797048240407,MAC,0,0,0
V2,V2_T08,2024-01-14,2024-01-14,CONTROL_114,CONTROL,70,214.63148,2.8,2.696111111,0.6751153709981033,MAC,0,0,0
V2,V2_T08,2024-01-14,2024-01-14,KITE_114,KITE,70,210.522193,2.8,2.576666667,0.6328531035946475,MAC,0,0,0
V2,V2_T08,2024-01-14,2024-01-14,LEB_114,LEB,70,205.45860599999995,2.8,2.41,0.57768111387,MAC,0,0,0
V2,V2_T09,2024-01-15,2024-01-15,CONTROL_115,CONTROL,70,232.537188,2.8,4.783333333,1.2976866962762357,MAC,0,0,0
V2,V2_T09,2024-01-15,2024-01-15,KITE_115,KITE,70,224.009442,2.8,5.397222222,1.410533528016923,MAC,0,0,0
V2,V2_T09,2024-01-15,2024-01-15,LEB_115,LEB,70,205.709878,2.8,5.855555555,1.405303221981484,MAC,0,0,0
V2,V2_T10,2024-01-16,2024-01-16,CONTROL_116,CONTROL,70,210.825008,2.8,2.638888889,0.6490677329902922,MAC,1,1,1.5406712569009444
V2,V2_T10,2024-01-16,2024-01-16,KITE_116,KITE,70,205.35456699999995,2.8,2.541666667,0.6089333341701378,MAC,0,0,0
V2,V2_T10,2024-01-16,2024-01-16,LEB_116,LEB,70,210.775293,2.8,2.505555556,0.6161274075176242,MAC,0,0,0
V2,V2_T11,2024-01-19,2024-01-19,CONTROL_117,CONTROL,70,209.658056,2.8,2.781388889,0.6803306853556965,MAC,0,0,0
V2,V2_T11,2024-01-19,2024-01-19,KITE_117,KITE,70,207.540703,2.8,3.603611111,0.8725453138681427,MAC,0,0,0
V2,V2_T11,2024-01-19,2024-01-19,LEB_117,LEB,70,220.491146,2.8,3.320277778,0.8541071610278124,MAC,0,0,0
V2,V2_T12,2024-01-26,2024-01-26,CONTROL_118,CONTROL,70,208.96855,2.8,3.588611111,0.8748913371094854,MAC,0,0,0
V2,V2_T12,2024-01-26,2024-01-26,KITE_118,KITE,70,210.738585,2.8,3.596944444,0.8843508128608669,MAC,0,0,0
V2,V2_T12,2024-01-26,2024-01-26,LEB_118,LEB,70,207.964255,2.8,3.308055555,0.8026168604932176,MAC,0,0,0
V2,V2_T13,2024-01-30,2024-01-30,CONTROL_119,CONTROL,70,222.850378,2.8,2.425,0.6304808610916666,MAC,0,0,0
V2,V2_T13,2024-01-30,2024-01-30,KITE_119,KITE,70,223.00759,2.8,2.586111111,0.6728428073923879,MAC,0,0,0
V2,V2_T13,2024-01-30,2024-01-30,LEB_119,LEB,70,222.624143,2.8,3.380555555,0.8780254971783915,MAC,0,0,0
V2,V2_T14,2024-01-31,2024-01-31,CONTROL_120,CONTROL,70,232.084703,2.8,3.354722222,0.9083429956304314,MAC,0,0,0
V2,V2_T14,2024-01-31,2024-01-31,KITE_120,KITE,70,185.833483,2.8,3.243611111,0.7032334752970679,MAC,1,1,1.422002841343081
V2,V2_T14,2024-01-31,2024-01-31,LEB_120,LEB,70,201.7846,2.8,3.035277778,0.7145510310430553,MAC,0,0,0
V2,V2_T15,2024-02-01,2024-02-01,CONTROL_121,CONTROL,70,211.1932,2.8,3.811111111,0.939027542935586,MAC,2,2,2.1298629790427706
V2,V2_T15,2024-02-01,2024-02-01,KITE_121,KITE,70,207.380185,2.8,3.408333333,0.8246242633290742,MAC,0,0,0
V2,V2_T15,2024-02-01,2024-02-01,LEB_121,LEB,70,206.489641,2.8,3.627777778,0.8739482861748307,MAC,0,0,0
V2,V2_T16,2024-02-02,2024-02-02,CONTROL_122,CONTROL,70,208.73377,2.8,2.630555556,0.6406000747980471,MAC,0,0,0
V2,V2_T16,2024-02-02,2024-02-02,KITE_122,KITE,70,219.013726,2.8,3.133333333,0.8006168427370502,MAC,0,0,0
V2,V2_T16,2024-02-02,2024-02-02,LEB_122,LEB,70,213.97376000000003,2.8,3.516666667,0.8778867876387677,MAC,0,0,0
V2,V2_T17,2024-02-18,2024-02-18,CONTROL_123,CONTROL,70,246.70734,2.8,3.300833333,0.9500631132623916,MAC,3,3,3.1576849560008657
V2,V2_T17,2024-02-18,2024-02-18,KITE_123,KITE,70,208.554041,2.8,2.870277778,0.6983760342934675,MAC,0,0,0
V2,V2_T17,2024-02-18,2024-02-18,LEB_123,LEB,70,211.936695,2.8,2.498055556,0.617667911542532,MAC,1,1,1.6189929593438837
V2,V2_T18,2024-02-19,2024-02-19,CONTROL_124,CONTROL,70,192.82251,2.8,2.025,0.4555431798749999,MAC,1,1,2.195181585803563
V2,V2_T18,2024-02-19,2024-02-19,KITE_124,KITE,70,200.240484,2.8,1.763888889,0.4120689589981793,MAC,2,2,4.853556562140457
V2,V2_T18,2024-02-19,2024-02-19,LEB_124,LEB,70,195.727718,2.8,1.886111111,0.4306915942588871,MAC,0,0,0
V2,V2_T20,2024-04-24,2024-04-25,CONTROL_125,CONTROL,127,100.611474,2.286,21.84138889,2.093113349734693,100,0,0,0
V2,V2_T20,2024-04-24,2024-04-25,KITE_125,KITE,127,99.112345,2.286,20.26916667,1.9135007194662133,100,0,0,0
V2,V2_T20,2024-04-24,2024-04-25,LEB_125,LEB,127,99.742134,2.286,20.98027778,1.9932183379997084,100,0,0,0
V2,V2_T21,2024-04-25,2024-04-26,CONTROL_126,CONTROL,127,105.575527,2.286,19.71555556,1.9826098603484033,100,0,0,0
V2,V2_T21,2024-04-25,2024-04-26,KITE_126,KITE,127,99.057366,2.286,21.19055556,1.9993742885023675,100,0,0,0
V2,V2_T21,2024-04-25,2024-04-26,LEB_126,LEB,127,107.23158,2.286,20.35166667,2.0786801574562106,100,0,0,0
V2,V2_T22,2024-04-26,2024-04-27,CONTROL_127,CONTROL,127,105.732382,2.286,17.25333333,1.7375848189758996,100,0,0,0
V2,V2_T22,2024-04-26,2024-04-27,KITE_127,KITE,127,99.502552,2.286,16.84222222,1.5962414978596529,100,0,0,0
V2,V2_T22,2024-04-26,2024-04-27,LEB_127,LEB,127,92.852173,2.286,17.33388889,1.533038510603148,100,0,0,0
V3,V3_T02,2023-11-10,2023-11-11,CONTROL_128,CONTROL,102,320.453566,4.08,14.23,7.752092215106001,BSS,0,0,0
V3,V3_T02,2023-11-10,2023-11-11,KITE_128,KITE,102,182.545218,4.08,14.03277778,4.354748014292615,BSS,0,0,0
V3,V3_T02,2023-11-10,2023-11-11,LEB_128,LEB,102,182.387875,4.08,13.59888889,4.216463159913955,BSS,0,0,0
V3,V3_T03,2023-11-24,2023-11-24,CONTROL_129,CONTROL,102,190.914568,4.08,2.440833333,0.7921840902604818,BSS,0,0,0
V3,V3_T03,2023-11-24,2023-11-24,KITE_129,KITE,102,203.82936,4.08,2.278333333,0.7894650827244967,BSS,0,0,0
V3,V3_T03,2023-11-24,2023-11-24,LEB_129,LEB,102,210.993142,4.08,2.165,0.776560259131,BSS,0,0,0
V3,V3_T04,2023-12-01,2023-12-01,CONTROL_130,CONTROL,102,204.879472,4.08,4.229166667,1.472998037349432,BSS,0,0,0
V3,V3_T04,2023-12-01,2023-12-01,KITE_130,KITE,102,200,4.08,1.741388889,0.59207222226,BSS,0,0,0
V3,V3_T04,2023-12-01,2023-12-01,LEB_130,LEB,102,200,4.08,2.602777778,0.88494444452,BSS,0,0,0
V3,V3_T05,2023-12-08,2023-12-08,CONTROL_131,CONTROL,102,209.392043,4.08,2.677777778,0.9531991113802146,BSS,0,0,0
V3,V3_T05,2023-12-08,2023-12-08,KITE_131,KITE,102,185.062708,4.08,1.741666667,0.5479398347082022,BSS,0,0,0
V3,V3_T05,2023-12-08,2023-12-08,LEB_131,LEB,102,198.625688,4.08,2.469444444,0.8338416728343717,BSS,0,0,0
V3,V3_T06,2023-12-14,2023-12-14,CONTROL_132,CONTROL,102,334.480726,4.08,9.295555555,5.285613090036547,BSS,0,0,0
V3,V3_T06,2023-12-14,2023-12-14,KITE_132,KITE,102,179.76301,4.08,7.803888889,2.3848459458667333,BSS,0,0,0
V3,V3_T06,2023-12-14,2023-12-14,LEB_132,LEB,102,204.503023,4.08,8.937222222,3.107071234757022,BSS,1,1,0.32184649930570436
V4,V4_T01,2023-10-19,2023-10-19,CONTROL_133,CONTROL,67,494.974061,2.68,4.533333333,2.505668690833538,MUR,0,0,0
V4,V4_T01,2023-10-19,2023-10-19,KITE_133,KITE,67,414.735839,2.68,4.358333333,2.0184386851788205,MUR,0,0,0
V4,V4_T01,2023-10-19,2023-10-19,LEB_133,LEB,67,374.709343,2.68,3.877777778,1.6225608459020573,MUR,0,0,0
V4,V4_T02,2023-10-20,2023-10-20,CONTROL_134,CONTROL,67,402.893716,2.68,4.197222222,1.8883218113209488,MUR,0,0,0
V4,V4_T02,2023-10-20,2023-10-20,KITE_134,KITE,67,392.174186,2.68,4.894444444,2.1434134884185134,MUR,0,0,0
V4,V4_T02,2023-10-20,2023-10-20,LEB_134,LEB,67,392.439438,2.68,5.491666667,2.406580348203575,MUR,0,0,0
V4,V4_T03,2023-10-23,2023-10-23,CONTROL_135,CONTROL,67,469.916463,2.68,3.044444444,1.597541930832338,MUR,0,0,0
V4,V4_T03,2023-10-23,2023-10-23,KITE_135,KITE,67,385.279772,2.68,4.266666667,1.835644069405632,MUR,0,0,0
V4,V4_T03,2023-10-23,2023-10-23,LEB_135,LEB,67,369.481625,2.68,3.983333333,1.643474794619415,MUR,0,0,0
V4,V4_T04,2023-11-22,2023-11-22,CONTROL_136,CONTROL,124,229.318381,4.96,2.558333333,1.2124572398292472,POL,0,0,0
V4,V4_T04,2023-11-22,2023-11-22,KITE_136,KITE,124,196.91763,4.96,4.872222222,1.9828146690984527,POL,0,0,0
V4,V4_T04,2023-11-22,2023-11-22,LEB_136,LEB,124,201.538943,4.96,3.013888889,1.2553263607509086,POL,0,0,0
V4,V4_T05,2023-11-25,2023-11-25,CONTROL_137,CONTROL,108,197.977078,4.32,5.908333333,2.105486224411214,BSS,1,1,0.4749496759493849
V4,V4_T05,2023-11-25,2023-11-25,KITE_137,KITE,108,198.786053,4.32,6.763888889,2.4202201953147573,BSS,0,0,0
V4,V4_T05,2023-11-25,2023-11-25,LEB_137,LEB,108,165.024227,4.32,8.619444445,2.560350882070024,BSS,0,0,0
V4,V4_T06,2023-11-25,2023-11-26,CONTROL_138,CONTROL,108,179.829397,4.32,19.86361111,6.429710174676842,BSS,4,4,0.6221120223667065
V4,V4_T06,2023-11-25,2023-11-26,KITE_138,KITE,108,185.49797,4.32,17.99972222,6.010041478273008,BSS,1,0,0
V4,V4_T06,2023-11-25,2023-11-26,LEB_138,LEB,108,189.455556,4.32,15.6025,5.320764562482,BSS,2,2,0.375885829285228
V4,V4_T08,2023-11-28,2023-11-29,CONTROL_139,CONTROL,138,192.780004,1.725,18.01611111,2.496323667267363,SOL,0,0,0
V4,V4_T08,2023-11-28,2023-11-29,KITE_139,KITE,138,173.44501200000002,1.725,19.23833333,2.3983199366088304,SOL,0,0,0
V4,V4_T08,2023-11-28,2023-11-29,LEB_139,LEB,138,195.077444,1.725,18.55777778,2.6020215212429707,SOL,0,0,0
V4,V4_T10,2023-12-01,2023-12-02,CONTROL_140,CONTROL,108,195.933581,4.32,13.55972222,4.782248877473767,BSS,0,0,0
V4,V4_T10,2023-12-01,2023-12-02,KITE_140,KITE,108,191.071764,4.32,13.60972222,4.680780537825712,BSS,0,0,0
V4,V4_T10,2023-12-01,2023-12-02,LEB_140,LEB,108,210.039312,4.32,14.31527778,5.412187972800158,BSS,0,0,0
V4,V4_T11,2023-12-02,2023-12-03,CONTROL_141,CONTROL,108,188.228026,4.32,17.33833333,5.874408462304632,BSS,0,0,0
V4,V4_T11,2023-12-02,2023-12-03,KITE_141,KITE,108,204.462298,4.32,17.30777778,6.369818432709849,BSS,0,0,0
V4,V4_T11,2023-12-02,2023-12-03,LEB_141,LEB,108,201.242501,4.32,17.06333333,6.180962174506545,BSS,0,0,0
V4,V4_T12,2023-12-06,2023-12-06,CONTROL_142,CONTROL,108,210.001252,4.32,4.813888889,1.8196608486220005,BSS,0,0,0
V4,V4_T12,2023-12-06,2023-12-06,KITE_142,KITE,108,200.857279,4.32,3.952777778,1.4290995401653432,BSS,0,0,0
V4,V4_T12,2023-12-06,2023-12-06,LEB_142,LEB,108,197.417722,4.32,7.172222222,2.5486627909410333,BSS,0,0,0
V4,V4_T14,2023-12-14,2023-12-15,CONTROL_143,CONTROL,108,190.645936,4.32,13.73083333,4.711909630064124,BSS,2,2,0.42445635782976215
V4,V4_T14,2023-12-14,2023-12-15,KITE_143,KITE,108,192.350323,4.32,14.18083333,4.909838168582398,BSS,0,0,0
V4,V4_T14,2023-12-14,2023-12-15,LEB_143,LEB,108,190.29448,4.32,14.05583333,4.814545490098233,BSS,0,0,0
V4,V4_T16,2024-01-06,2024-01-07,CONTROL_144,CONTROL,108,212.012963,4.32,19.84277778,7.572467000319052,BSS,4,4,0.5282294396042224
V4,V4_T16,2024-01-06,2024-01-07,KITE_144,KITE,108,209.293682,4.32,18.81777778,7.089195597541176,BSS,2,2,0.2821194552303906
V4,V4_T16,2024-01-06,2024-01-07,LEB_144,LEB,108,214.611561,4.32,20.90944444,8.077335319640108,BSS,3,3,0.3714096148398687
V4,V4_T17,2024-01-07,2024-01-08,CONTROL_145,CONTROL,108,194.458037,4.32,18.40305556,6.441519706199164,BSS,0,0,0
V4,V4_T17,2024-01-07,2024-01-08,KITE_145,KITE,108,194.195209,4.32,22.90583333,8.006765563509328,BSS,0,0,0
V4,V4_T17,2024-01-07,2024-01-08,LEB_145,LEB,108,190.704233,4.32,23.48638889,8.062116802572909,BSS,0,0,0
V4,V4_T19a,2024-01-12,2024-01-13,CONTROL_146,CONTROL,108,199.613885,4.32,24.59555556,8.837305918316911,BSS,18,18,2.036819836992601
V4,V4_T19a,2024-01-12,2024-01-13,LEB_146,LEB,108,176.352576,4.32,25.30944444,8.034094303421178,BSS,6,2,0.24893907445775623
V4,V4_T19b,2024-01-12,2024-01-13,CONTROL_147,CONTROL,108,186.428595,4.32,20.165,6.766798712715,BSS,0,0,0
V4,V4_T19b,2024-01-12,2024-01-13,KITE_147,KITE,108,186.11244900000003,4.32,22.58444444,7.565843275259101,BSS,2,0,0
V4,V4_T20,2024-01-13,2024-01-13,CONTROL_148,CONTROL,108,186.192349,4.32,2.194444445,0.7354597787361923,BSS,7,7,9.51785563587004
V4,V4_T20,2024-01-13,2024-01-13,KITE_148,KITE,108,174.888482,4.32,3.302777778,1.0397120255599557,BSS,11,2,1.923609567680882
V4,V4_T20,2024-01-13,2024-01-13,LEB_148,LEB,108,277.13340800000003,4.32,2.772222222,1.382895705809147,BSS,1,0,0
V4,V4_T21,2024-01-16,2024-01-16,CONTROL_149,CONTROL,108,212.49077,4.32,5.1,1.9506652686,BSS,16,16,8.20232987050785
V4,V4_T21,2024-01-16,2024-01-16,KITE_149,KITE,108,183.518696,4.32,8.646111111,2.8561014658112964,BSS,0,0,0
V4,V4_T21,2024-01-16,2024-01-16,LEB_149,LEB,108,208.553709,4.32,4.225,1.586050956945,BSS,5,5,3.152483832947485
V4,V4_T23,2024-01-18,2024-01-19,CONTROL_150,CONTROL,138,180.012675,1.725,25.09555556,3.2469661250073325,SOL,1,1,0.3079798068412992
V4,V4_T23,2024-01-18,2024-01-19,KITE_150,KITE,138,189.519369,1.725,25.565,3.482388792973594,SOL,0,0,0
V4,V4_T23,2024-01-18,2024-01-19,LEB_150,LEB,138,195.10365599999997,1.725,26.22,3.676850337105,SOL,3,3,0.8159157226840177
V4,V4_T25,2024-01-28,2024-01-29,CONTROL_151,CONTROL,138,217.040919,1.725,13.14861111,2.0511591467007575,SOL,0,0,0
V4,V4_T25,2024-01-28,2024-01-29,KITE_151,KITE,138,183.84388,1.725,13.24305556,1.749908077991793,SOL,0,0,0
V4,V4_T25,2024-01-28,2024-01-29,LEB_151,LEB,138,180.88261,1.725,14.10416667,1.8336739068851875,SOL,0,0,0
V4,V4_T27,2024-02-27,2024-02-28,CONTROL_152,CONTROL,138,161.92459,1.725,23.02333333,2.6795314883610137,SOL,0,0,0
V4,V4_T27,2024-02-27,2024-02-28,KITE_152,KITE,138,161.476801,1.725,23.58722222,2.737567229278735,SOL,0,0,0
V4,V4_T27,2024-02-27,2024-02-28,LEB_152,LEB,138,171.863788,1.725,24.32055556,3.004247640954357,SOL,0,0,0
V4,V4_T28,2024-03-20,2024-03-20,CONTROL_153,CONTROL,67,97.53515,2.68,2.433333333,0.2650246769914731,MUR,0,0,0
V4,V4_T28,2024-03-20,2024-03-20,KITE_153,KITE,67,95.838178,2.68,2.416666667,0.25862997205511756,MUR,0,0,0
V4,V4_T28,2024-03-20,2024-03-20,LEB_153,LEB,67,90.453078,2.68,2.066666667,0.2087456033736686,MUR,0,0,0
V4,V4_T29,2024-03-21,2024-03-21,CONTROL_154,CONTROL,67,159.576138,2.68,3.363888889,0.5994226439506327,MUR,1,1,1.6682719781976705
V4,V4_T29,2024-03-21,2024-03-21,KITE_154,KITE,67,73.90898299999999,2.68,1.916666667,0.15818575392056614,MUR,0,0,0
V4,V4_T29,2024-03-21,2024-03-21,LEB_154,LEB,67,74.04757400000001,2.68,2.772222222,0.22922523530958824,MUR,0,0,0
V4,V4_T31,2024-03-31,2024-04-01,CONTROL_155,CONTROL,108,161.513858,4.32,21.73805556,6.319794994045111,BSS,1,1,0.15823298080748818
V4,V4_T31,2024-03-31,2024-04-01,KITE_155,KITE,108,166.413094,4.32,22.34638889,6.6937170868418265,BSS,2,2,0.29878765027752663
V4,V4_T31,2024-03-31,2024-04-01,LEB_155,LEB,108,162.919391,4.32,24.19361111,7.094895098637661,BSS,1,1,0.14094641091903062
V4,V4_T32,2024-04-26,2024-04-26,CONTROL_156,CONTROL,67,108.837417,2.68,3.544444444,0.4307744654165399,MUR,0,0,0
V4,V4_T32,2024-04-26,2024-04-26,KITE_156,KITE,67,79.616623,2.68,3.513888889,0.31240309641566544,MUR,0,0,0
V4,V4_T32,2024-04-26,2024-04-26,LEB_156,LEB,67,104.192976,2.68,3.552777778,0.4133615135614108,MUR,0,0,0
V4,V4_T33,2024-06-02,2024-06-02,CONTROL_157,CONTROL,67,85.849306,2.68,2.208333333,0.21170200386110055,MUR,0,0,0
V4,V4_T33,2024-06-02,2024-06-02,KITE_157,KITE,67,99.594055,2.68,2.747222222,0.3055278178671841,MUR,0,0,0
V4,V4_T33,2024-06-02,2024-06-02,LEB_157,LEB,67,80.533548,2.68,3.316666667,0.2982649432199763,MUR,0,0,0
V4,V4_T34,2024-06-24,2024-06-24,CONTROL_158,CONTROL,67,85.777906,2.68,3.511111111,0.3363129306989868,MUR,0,0,0
V4,V4_T34,2024-06-24,2024-06-24,KITE_158,KITE,67,82.658704,2.68,3.175,0.2930595468066667,MUR,0,0,0
V4,V4_T34,2024-06-24,2024-06-24,LEB_158,LEB,67,86.54647,2.68,2.683333333,0.25932688104834106,MUR,0,0,0
V4,V4_T35,2024-06-24,2024-06-24,CONTROL_159,CONTROL,67,109.238344,2.68,5.083333333,0.6200793220815612,MUR,0,0,0
V4,V4_T35,2024-06-24,2024-06-24,KITE_159,KITE,67,105.796877,2.68,5.219444444,0.6166243627327249,MUR,0,0,0
V4,V4_T35,2024-06-24,2024-06-24,LEB_159,LEB,67,92.360456,2.68,5.205555555,0.5368793580189987,MUR,0,0,0
V4,V4_T36,2024-07-08,2024-07-08,CONTROL_160,CONTROL,67,73.83315999999999,2.68,4.713888889,0.3886461323628645,MUR,0,0,0
V4,V4_T36,2024-07-08,2024-07-08,KITE_160,KITE,67,90.802224,2.68,4.4,0.44614159392,MUR,0,0,0
V4,V4_T36,2024-07-08,2024-07-08,LEB_160,LEB,67,90.936458,2.68,4.041666667,0.41041391707690417,MUR,0,0,0
V4,V4_T37,2024-08-06,2024-08-06,CONTROL_161,CONTROL,67,90.371461,2.68,2.9,0.29265291453833336,MUR,0,0,0
V4,V4_T37,2024-08-06,2024-08-06,KITE_161,KITE,67,89.904949,2.68,4.208333333,0.4224908262741742,MUR,0,0,0
V4,V4_T37,2024-08-06,2024-08-06,LEB_161,LEB,67,94.664992,2.68,3.766666667,0.3981714747196809,MUR,0,0,0
V4,V4_T38,2024-08-06,2024-08-06,CONTROL_162,CONTROL,67,82.765591,2.68,2.636111111,0.24363354501533277,MUR,0,0,0
V4,V4_T38,2024-08-06,2024-08-06,KITE_162,KITE,67,78.960459,2.68,1.661111111,0.14646434028159194,MUR,0,0,0
V4,V4_T38,2024-08-06,2024-08-06,LEB_162,LEB,67,91.913492,2.68,1.833333333,0.18816734331023224,MUR,0,0,0
V4,V4_T39,2024-08-28,2024-08-28,CONTROL_163,CONTROL,67,86.40052,2.68,5.297222222,0.5110790758989303,MUR,0,0,0
V4,V4_T39,2024-08-28,2024-08-28,KITE_163,KITE,67,80.890685,2.68,6.347222222,0.573331454613029,MUR,0,0,0
V4,V4_T39,2024-08-28,2024-08-28,LEB_163,LEB,67,88.026518,2.68,6.011111111,0.5908698514605596,MUR,0,0,0
V4,V4_T40,2024-09-07,2024-09-07,CONTROL_164,CONTROL,67,97.623939,2.68,2.513888889,0.2740475713669737,MUR,0,0,0
V4,V4_T40,2024-09-07,2024-09-07,KITE_164,KITE,67,85.662951,2.68,1.955555556,0.1870625034114031,MUR,0,0,0
V4,V4_T40,2024-09-07,2024-09-07,LEB_164,LEB,67,79.76971200000001,2.68,3.052222222,0.2718802911633165,MUR,0,0,0
V4,V4_T41,2024-09-16,2024-09-16,CONTROL_165,CONTROL,67,98.407439,2.68,2.683333333,0.2948669567669817,MUR,0,0,0
V4,V4_T41,2024-09-16,2024-09-16,KITE_165,KITE,67,84.620189,2.68,2.45,0.23150673373916672,MUR,0,0,0
V4,V4_T41,2024-09-16,2024-09-16,LEB_165,LEB,67,93.540513,2.68,2.186111111,0.22834711619103296,MUR,0,0,0
V4,V4_T42,2024-09-18,2024-09-18,CONTROL_166,CONTROL,67,95.133899,2.68,3.261111111,0.3464371401521778,MUR,0,0,0
V4,V4_T42,2024-09-18,2024-09-18,KITE_166,KITE,67,99.000977,2.68,3.258333333,0.36021230475051075,MUR,0,0,0
V4,V4_T42,2024-09-18,2024-09-18,LEB_166,LEB,67,89.97102799999999,2.68,3.25,0.3265198557833333,MUR,0,0,0
V4,V4_T43,2024-09-19,2024-09-19,CONTROL_167,CONTROL,67,76.17575599999999,2.68,1.491666667,0.12688553359890986,MUR,0,0,0
V4,V4_T43,2024-09-19,2024-09-19,KITE_167,KITE,67,72.28844500000001,2.68,1.466666667,0.11839240883801848,MUR,0,0,0
V4,V4_T43,2024-09-19,2024-09-19,LEB_167,LEB,67,97.865212,2.68,1.4,0.15299594809333333,MUR,0,0,0
V4,V4_T44,2024-09-24,2024-09-24,CONTROL_168,CONTROL,67,62.328484,2.68,4.002777778,0.2785938956056519,MUR,0,0,0
V4,V4_T44,2024-09-24,2024-09-24,KITE_168,KITE,67,86.061988,2.68,4.236111111,0.407101093688396,MUR,0,0,0
V4,V4_T44,2024-09-24,2024-09-24,LEB_168,LEB,67,59.442257999999995,2.68,4.15,0.27546533061500006,MUR,0,0,0
V4,V4_T45,2025-01-08,2025-01-08,CONTROL_169,CONTROL,67,99.430726,2.68,3.052777778,0.338952900374581,MAC,0,0,0
V4,V4_T45,2025-01-08,2025-01-08,KITE_169,KITE,67,90.572025,2.68,4.022222222,0.40680257300530254,MAC,0,0,0
V4,V4_T45,2025-01-08,2025-01-08,LEB_169,LEB,67,93.122146,2.68,4.73,0.49185565481433347,MAC,0,0,0
V4,V4_T46,2025-01-12,2025-01-12,CONTROL_170,CONTROL,67,107.35748,2.68,5.169444444,0.6197260235004226,MAC,0,0,0
V4,V4_T46,2025-01-12,2025-01-12,KITE_170,KITE,67,91.463734,2.68,5.033333333,0.5140769982315109,MAC,0,0,0
V4,V4_T46,2025-01-12,2025-01-12,LEB_170,LEB,67,87.96925999999999,2.68,4.882777778,0.4796466884605331,MAC,0,0,0
V4,V4_T47,2025-01-13,2025-01-13,CONTROL_171,CONTROL,67,107.347853,2.68,5.711111111,0.6846009928781623,MAC,5,5,7.303524318565872
V4,V4_T47,2025-01-13,2025-01-13,KITE_171,KITE,67,85.730919,2.68,5.644444444,0.5403588071952299,MAC,0,0,0
V4,V4_T47,2025-01-13,2025-01-13,LEB_171,LEB,67,105.444308,2.68,5.531388889,0.6512997122754348,MAC,0,0,0
V4,V4_T48,2025-01-19,2025-01-19,CONTROL_172,CONTROL,67,88.97042900000001,2.68,7.761111111,0.7710688133196093,MAC,0,0,0
V4,V4_T48,2025-01-19,2025-01-19,KITE_172,KITE,67,73.878411,2.68,7.688888889,0.6343145643802776,MAC,0,0,0
V4,V4_T48,2025-01-19,2025-01-19,LEB_172,LEB,67,101.927752,2.68,7.505,0.8542140196153334,MAC,1,1,1.1706668083606453
V4,V4_T49,2025-01-22,2025-01-22,CONTROL_173,CONTROL,67,90.081025,2.68,3.419444444,0.3439635508314505,MAC,0,0,0
V4,V4_T49,2025-01-22,2025-01-22,KITE_173,KITE,67,86.548412,2.68,3.295277778,0.3184745156430139,MAC,0,0,0
V4,V4_T49,2025-01-22,2025-01-22,LEB_173,LEB,67,85.158646,2.68,3.137222222,0.2983304495664051,MAC,0,0,0
V4,V4_T50,2025-02-11,2025-02-11,CONTROL_174,CONTROL,67,84.840785,2.68,4.233333333,0.4010612441711982,MAC,0,0,0
V4,V4_T50,2025-02-11,2025-02-11,KITE_174,KITE,67,91.327233,2.68,3.747222222,0.3821495046180317,MAC,0,0,0
V4,V4_T50,2025-02-11,2025-02-11,LEB_174,LEB,67,99.165868,2.68,3.538888889,0.39187963708378537,MAC,0,0,0
V5,V5_T01,2023-10-20,2023-10-20,CONTROL_175,CONTROL,67,181.168164,2.68,2.886111111,0.5838731203725217,MUR,0,0,0
V5,V5_T01,2023-10-20,2023-10-20,KITE_175,KITE,67,190.124873,2.68,2.625,0.5573035339812501,MUR,0,0,0
V5,V5_T01,2023-10-20,2023-10-20,LEB_175,LEB,67,187.094457,2.68,3.177777778,0.6639081454230938,MUR,0,0,0
V5,V5_T02,2023-10-23,2023-10-23,CONTROL_176,CONTROL,67,179.49855100000002,2.68,2.566666667,0.5144627915162578,MUR,0,0,0
V5,V5_T02,2023-10-23,2023-10-23,KITE_176,KITE,67,181.691731,2.68,3.552777778,0.7208198845165216,MUR,0,0,0
V5,V5_T02,2023-10-23,2023-10-23,LEB_176,LEB,67,193.79741,2.68,3.838888889,0.8307628417620084,MUR,0,0,0
V5,V5_T04,2023-10-25,2023-10-26,CONTROL_177,CONTROL,133,266.07780199999996,1.6625,14.36666667,2.6479822652057,SOL,0,0,0
V5,V5_T04,2023-10-25,2023-10-26,KITE_177,KITE,133,305.627026,1.6625,14.91388889,3.1574252005390826,SOL,0,0,0
V5,V5_T04,2023-10-25,2023-10-26,LEB_177,LEB,133,271.684084,1.6625,14.36666667,2.703775477559965,SOL,0,0,0
V5,V5_T05,2023-11-26,2023-11-26,CONTROL_178,CONTROL,67,185.034027,2.68,2.263888889,0.4677677335569857,MUR,1,1,2.1378131244663443
V5,V5_T05,2023-11-26,2023-11-26,KITE_178,KITE,67,185.569942,2.68,2.447222222,0.5071128224740438,MUR,0,0,0
V5,V5_T05,2023-11-26,2023-11-26,LEB_178,LEB,67,189.899428,2.68,2.019444445,0.42823200189799326,MUR,0,0,0
V5,V5_T07,2024-01-11,2024-01-12,CONTROL_179,CONTROL,133,266.246345,1.6625,16.73361111,3.086197666456369,SOL,1,1,0.32402331544376384
V5,V5_T07,2024-01-11,2024-01-12,KITE_179,KITE,133,270.628503,1.6625,18.22805556,3.41715195161918,SOL,0,0,0
V5,V5_T07,2024-01-11,2024-01-12,LEB_179,LEB,133,262.06469599999997,1.6625,17.36972222,3.1532020803859537,SOL,0,0,0
V5,V5_T09,2024-01-19,2024-01-20,CONTROL_180,CONTROL,133,291.595081,1.6625,20.045,4.048896416769715,SOL,1,1,0.246980879989471
V5,V5_T09,2024-01-19,2024-01-20,KITE_180,KITE,133,230.642662,1.6625,19.20055556,3.067636165362298,SOL,0,0,0
V5,V5_T09,2024-01-19,2024-01-20,LEB_180,LEB,133,265.892128,1.6625,19.86722222,3.659258089264495,SOL,0,0,0
V5,V5_T11,2024-01-26,2024-01-27,CONTROL_181,CONTROL,133,260.842463,1.6625,17.55583333,3.1721239852778855,SOL,0,0,0
V5,V5_T11,2024-01-26,2024-01-27,KITE_181,KITE,133,243.227659,1.6625,16.95861111,2.8572856055390625,SOL,0,0,0
V5,V5_T11,2024-01-26,2024-01-27,LEB_181,LEB,133,264.438775,1.6625,16.98638889,3.1115487639380883,SOL,0,0,0
V5,V5_T13,2024-01-27,2024-01-28,CONTROL_182,CONTROL,133,260.827379,1.6625,16.87416667,3.0487788567235383,SOL,0,0,0
V5,V5_T13,2024-01-27,2024-01-28,KITE_182,KITE,133,260.100879,1.6625,16.72416667,3.0132607814451244,SOL,0,0,0
V5,V5_T13,2024-01-27,2024-01-28,LEB_182,LEB,133,257.11286900000005,1.6625,16.77416667,2.9875499877179568,SOL,0,0,0
V5,V5_T15,2024-02-01,2024-02-02,CONTROL_183,CONTROL,133,271.826391,1.6625,21.82944444,4.110405938827129,SOL,0,0,0
V5,V5_T15,2024-02-01,2024-02-02,KITE_183,KITE,133,253.243765,1.6625,21.72666667,3.811380216138739,SOL,0,0,0
V5,V5_T15,2024-02-01,2024-02-02,LEB_183,LEB,133,240.135218,1.6625,21.67222222,3.6050369082123495,SOL,0,0,0
V5,V5_T16,2024-02-02,2024-02-03,CONTROL_184,CONTROL,133,256.289082,1.6625,22.37861111,3.9729550094252497,SOL,0,0,0
V5,V5_T16,2024-02-02,2024-02-03,KITE_184,KITE,133,257.243155,1.6625,22.23416667,3.9620057048813737,SOL,0,0,0
V5,V5_T16,2024-02-02,2024-02-03,LEB_184,LEB,133,231.48627,1.6625,21.97305556,3.5234336947270437,SOL,0,0,0
V5,V5_T17,2024-02-05,2024-02-05,CONTROL_185,CONTROL,63,216.280571,7.56,1.780833333,1.2132528978687804,MAC,0,0,0
V5,V5_T17,2024-02-05,2024-02-05,KITE_185,KITE,63,207.567872,7.56,2.4725,1.616616425088,MAC,0,0,0
V5,V5_T17,2024-02-05,2024-02-05,LEB_185,LEB,63,224.366708,7.56,3.205833333,2.265739154663915,MAC,1,0,0
V5,V5_T19,2024-02-08,2024-02-09,CONTROL_186,CONTROL,133,257.129834,1.6625,19.72666667,3.5136345416075403,SOL,0,0,0
V5,V5_T19,2024-02-08,2024-02-09,KITE_186,KITE,133,225.444002,1.6625,19.69333333,3.0754475825962495,SOL,0,0,0
V5,V5_T19,2024-02-08,2024-02-09,LEB_186,LEB,133,260.872064,1.6625,20.49333333,3.7033144573798618,SOL,0,0,0
V5,V5_T20,2024-02-09,2024-02-10,CONTROL_187,CONTROL,133,272.28312700000004,1.6625,21.06111111,3.972394950102381,SOL,0,0,0
V5,V5_T20,2024-02-09,2024-02-10,KITE_187,KITE,133,223.354494,1.6625,20.55555556,3.180345674802225,SOL,0,0,0
V5,V5_T20,2024-02-09,2024-02-10,LEB_187,LEB,133,259.852236,1.6625,21.69722222,3.9055392566553784,SOL,0,0,0
V5,V5_T21,2024-02-15,2024-02-15,CONTROL_188,CONTROL,63,206.570784,7.56,1.721666667,1.120285004544899,MAC,0,0,0
V5,V5_T21,2024-02-15,2024-02-15,KITE_188,KITE,63,210.847396,7.56,2.268888889,1.5069263392857963,MAC,0,0,0
V5,V5_T21,2024-02-15,2024-02-15,LEB_188,LEB,63,199.718887,7.56,3.174444444,1.997089010276894,MAC,0,0,0
V5,V5_T22,2024-09-15,2024-09-15,CONTROL_189,CONTROL,114,95.512534,4.56,3.726111111,0.6761915969366139,BSS,0,0,0
V5,V5_T22,2024-09-15,2024-09-15,KITE_189,KITE,114,98.259691,4.56,3.784444444,0.7065308491808028,BSS,0,0,0
V5,V5_T22,2024-09-15,2024-09-15,LEB_189,LEB,114,96.845876,4.56,3.934444445,0.7239659658137817,BSS,0,0,0
V5,V5_T23,2024-09-17,2024-09-17,CONTROL_190,CONTROL,114,200.579304,4.56,5.363055556,2.0438641063980443,BSS,0,0,0
V5,V5_T23,2024-09-17,2024-09-17,KITE_190,KITE,114,200.947486,4.56,5.121388889,1.9553474219384777,BSS,0,0,0
V5,V5_T23,2024-09-17,2024-09-17,LEB_190,LEB,114,157.39270399999998,4.56,5.385277778,1.6104465194140098,BSS,0,0,0
V5,V5_T24,2024-11-10,2024-11-10,CONTROL_191,CONTROL,114,76.34913,4.56,4.497222222,0.6523821077260971,BSS,0,0,0
V5,V5_T24,2024-11-10,2024-11-10,KITE_191,KITE,114,77.84319500000001,4.56,4.825,0.7136274901625,BSS,0,0,0
V5,V5_T24,2024-11-10,2024-11-10,LEB_191,LEB,114,67.93677,4.56,5.233333333,0.6755179496569733,BSS,0,0,0
V8,V8_T01,2023-11-29,2023-11-29,CONTROL_192,CONTROL,125,118.027461,2.5,2.828888889,0.3477985135622717,MUR,0,0,0
V8,V8_T01,2023-11-29,2023-11-29,KITE_192,KITE,125,104.96123,2.5,2.658055555,0.2906174796470132,MUR,0,0,0
V8,V8_T01,2023-11-29,2023-11-29,LEB_192,LEB,125,98.025717,2.5,2.965277778,0.3027848753048092,MUR,0,0,0
V8,V8_T02,2023-12-01,2023-12-01,CONTROL_193,CONTROL,67,111.54207,2.68,4.081944445,0.5084278618726698,MUR,0,0,0
V8,V8_T02,2023-12-01,2023-12-01,KITE_193,KITE,67,107.200733,2.68,4.359444444,0.521858131187695,MUR,0,0,0
V8,V8_T02,2023-12-01,2023-12-01,LEB_193,LEB,67,104.248364,2.68,3.263333333,0.3798868299529742,MUR,0,0,0
V8,V8_T03,2023-12-02,2023-12-02,CONTROL_194,CONTROL,67,104.569691,2.68,2.174166667,0.25387632914827046,MUR,0,0,0
V8,V8_T03,2023-12-02,2023-12-02,KITE_194,KITE,67,100.484198,2.68,1.575833333,0.17682008932379198,MUR,0,0,0
V8,V8_T03,2023-12-02,2023-12-02,LEB_194,LEB,67,118.561904,2.68,2.43,0.321717726504,MUR,0,0,0
V8,V8_T04,2023-12-03,2023-12-03,CONTROL_195,CONTROL,67,98.531401,2.68,2.737222222,0.3011676134265589,MUR,0,0,0
V8,V8_T04,2023-12-03,2023-12-03,KITE_195,KITE,67,116.667005,2.68,2.3275,0.30322240712020837,MUR,0,0,0
V8,V8_T04,2023-12-03,2023-12-03,LEB_195,LEB,67,91.877061,2.68,1.838611111,0.18863424014069768,MUR,0,0,0
V8,V8_T05,2023-12-14,2023-12-14,CONTROL_196,CONTROL,67,89.67580699999999,2.68,2.656944445,0.2660610616064887,MUR,0,0,0
V8,V8_T05,2023-12-14,2023-12-14,KITE_196,KITE,67,74.174813,2.68,2.279722222,0.1888260659514872,MUR,0,0,0
V8,V8_T05,2023-12-14,2023-12-14,LEB_196,LEB,67,92.238259,2.68,2.428055556,0.25008823925213397,MUR,0,0,0
V8,V8_T06,2023-12-15,2023-12-15,CONTROL_197,CONTROL,67,81.686085,2.68,5.8825,0.5365788744306251,MUR,0,0,0
V8,V8_T06,2023-12-15,2023-12-15,KITE_197,KITE,67,84.758972,2.68,6.397222222,0.6054812100980413,MUR,0,0,0
V8,V8_T06,2023-12-15,2023-12-15,LEB_197,LEB,67,86.844376,2.68,7.015,0.6802881823646667,MUR,0,0,0
V8,V8_T07,2023-12-19,2023-12-19,CONTROL_198,CONTROL,67,101.988306,2.68,2.176388889,0.24786227451807075,MUR,0,0,0
V8,V8_T07,2023-12-19,2023-12-19,KITE_198,KITE,67,78.74404899999999,2.68,2.548055556,0.22405270290463128,MUR,0,0,0
V8,V8_T07,2023-12-19,2023-12-19,LEB_198,LEB,67,91.96962,2.68,2.376111111,0.24402520681803347,MUR,0,0,0
V8,V8_T08,2024-01-05,2024-01-05,CONTROL_199,CONTROL,67,102.205896,2.68,2.589722222,0.29556478276785997,MUR,0,0,0
V8,V8_T08,2024-01-05,2024-01-05,KITE_199,KITE,67,99.079362,2.68,3.527777778,0.3903084681995863,MUR,0,0,0
V8,V8_T08,2024-01-05,2024-01-05,LEB_199,LEB,67,81.70715000000001,2.68,2.958611111,0.2699426447192605,MUR,0,0,0
V8,V8_T09,2024-01-06,2024-01-06,CONTROL_200,CONTROL,67,96.922182,2.68,3.064722222,0.3316941808944767,MUR,0,0,0
V8,V8_T09,2024-01-06,2024-01-06,KITE_200,KITE,67,88.909105,2.68,3.902777778,0.38747493516905335,MUR,0,0,0
V8,V8_T09,2024-01-06,2024-01-06,LEB_200,LEB,67,86.15417000000001,2.68,3.535,0.3400864065608334,MUR,0,0,0
V8,V8_T11,2024-01-13,2024-01-13,CONTROL_201,CONTROL,67,81.24298900000001,2.68,8.525555556,0.77344980481808,MUR,0,0,0
V8,V8_T11,2024-01-13,2024-01-13,KITE_201,KITE,67,91.904815,2.68,8.298888889,0.8516904303214957,MUR,0,0,0
V8,V8_T11,2024-01-13,2024-01-13,LEB_201,LEB,67,85.632368,2.68,8.096388889,0.7741994639755877,MUR,0,0,0
V8,V8_T12,2024-01-26,2024-01-26,CONTROL_202,CONTROL,67,99.038964000000007,2.68,6.096944444,0.6742824851175696,MUR,0,0,0
V8,V8_T12,2024-01-26,2024-01-26,KITE_202,KITE,67,91.957499,2.68,5.816111111,0.5972324520355997,MUR,0,0,0
V8,V8_T12,2024-01-26,2024-01-26,LEB_202,LEB,67,76.85826399999999,2.68,5.991944444,0.5142590002111518,MUR,0,0,0
V8,V8_T13,2024-02-01,2024-02-01,CONTROL_203,CONTROL,67,104.27985,2.68,6.381111111,0.743053795595395,MUR,0,0,0
V8,V8_T13,2024-02-01,2024-02-01,KITE_203,KITE,67,98.930097,2.68,6.058333333,0.669275846459426,MUR,0,0,0
V8,V8_T13,2024-02-01,2024-02-01,LEB_203,LEB,67,99.382535,2.68,7.059444444,0.783437124398964,MUR,0,0,0
V8,V8_T14,2024-02-02,2024-02-02,CONTROL_204,CONTROL,67,167.373396,2.68,5.481388889,1.0244731850159334,MUR,0,0,0
V8,V8_T14,2024-02-02,2024-02-02,KITE_204,KITE,67,78.633625,2.68,6.378333333,0.5600658097658697,MUR,0,0,0
V8,V8_T14,2024-02-02,2024-02-02,LEB_204,LEB,67,87.319177,2.68,6.323611111,0.6165926449666429,MUR,0,0,0
V8,V8_T15,2024-02-03,2024-02-03,CONTROL_205,CONTROL,67,81.871747,2.68,3.2075,0.2932407184944584,MUR,0,0,0
V8,V8_T15,2024-02-03,2024-02-03,KITE_205,KITE,67,93.645629,2.68,2.8677777780000002,0.2998862534692195,MUR,0,0,0
V8,V8_T15,2024-02-03,2024-02-03,LEB_205,LEB,67,81.383936,2.68,3.045555556,0.2767762166069091,MUR,0,0,0
V8,V8_T16,2024-02-04,2024-02-04,CONTROL_206,CONTROL,67,94.138799,2.68,2.996944445,0.3150437716395907,MUR,0,0,0
V8,V8_T16,2024-02-04,2024-02-04,KITE_206,KITE,67,74.742816,2.68,2.885555556,0.2408365785775391,MUR,0,0,0
V8,V8_T16,2024-02-04,2024-02-04,LEB_206,LEB,67,88.876874,2.68,2.803888889,0.27827431543904585,MUR,0,0,0
V8,V8_T17,2024-02-11,2024-02-11,CONTROL_207,CONTROL,67,80.932346,2.68,2.307777778,0.20856415440923137,MUR,0,0,0
V8,V8_T17,2024-02-11,2024-02-11,KITE_207,KITE,67,69.907167,2.68,2.123333333,0.165753776662479,MUR,0,0,0
V8,V8_T17,2024-02-11,2024-02-11,LEB_207,LEB,67,116.245762,2.68,2.042777778,0.2651684229969758,MUR,0,0,0
V8,V8_T18,2024-02-16,2024-02-16,CONTROL_208,CONTROL,67,91.575464,2.68,7.980833333,0.8161141757266913,MUR,0,0,0
V8,V8_T18,2024-02-16,2024-02-16,KITE_208,KITE,67,89.314512,2.68,7.283611111,0.7264275920406962,MUR,0,0,0
V8,V8_T18,2024-02-16,2024-02-16,LEB_208,LEB,67,95.278044,2.68,6.553055556,0.6972045857522308,MUR,0,0,0
V8,V8_T19,2024-02-18,2024-02-18,CONTROL_209,CONTROL,67,81.858466,2.68,4.075,0.3724901279941667,MUR,0,0,0
V8,V8_T19,2024-02-18,2024-02-18,KITE_209,KITE,67,90.657525,2.68,3.694444444,0.374004261656396,MUR,0,0,0
V8,V8_T19,2024-02-18,2024-02-18,LEB_209,LEB,67,85.186062,2.68,3.922222222,0.3730991763421946,MUR,0,0,0
V8,V8_T20,2024-03-02,2024-03-02,CONTROL_210,CONTROL,67,100,2.68,2.403888889,0.2684342592716667,MUR,0,0,0
V8,V8_T20,2024-03-02,2024-03-02,KITE_210,KITE,67,100,2.68,2.384444444,0.26626296291333335,MUR,0,0,0
V8,V8_T20,2024-03-02,2024-03-02,LEB_210,LEB,67,100,2.68,2.126111111,0.23741574072833335,MUR,0,0,0
V8,V8_T21,2024-03-03,2024-03-03,CONTROL_211,CONTROL,67,86.322345,2.68,2.666666667,0.2570487606987978,MUR,0,0,0
V8,V8_T21,2024-03-03,2024-03-03,KITE_211,KITE,67,74.561848,2.68,2.988888889,0.2488570715840661,MUR,0,0,0
V8,V8_T21,2024-03-03,2024-03-03,LEB_211,LEB,67,76.655639,2.68,3.241666667,0.2774827665920051,MUR,0,0,0
V8,V8_T22,2024-07-11,2024-07-11,CONTROL_212,CONTROL,115,100,5.75,10.78888889,2.584837963229167,100,0,0,0
V8,V8_T22,2024-07-11,2024-07-11,KITE_212,KITE,115,100,5.75,10.51138889,2.5183535882291666,100,0,0,0
V8,V8_T22,2024-07-11,2024-07-11,LEB_212,LEB,115,100,5.75,10.63888889,2.5489004632291667,100,0,0,0
V8,V8_T23,2024-07-11,2024-07-12,CONTROL_213,CONTROL,115,122.802321,5.75,16.3775,4.818488050008595,100,0,0,0
V8,V8_T23,2024-07-11,2024-07-12,KITE_213,KITE,115,92.381853,5.75,17.18527778,3.803643701003219,100,0,0,0
V8,V8_T23,2024-07-11,2024-07-12,LEB_213,LEB,115,69.515556,5.75,17.06555556,2.842228793088823,100,0,0,0
V8,V8_T24,2024-07-12,2024-07-13,CONTROL_214,CONTROL,115,100,5.75,18.76305556,4.495315394583334,100,0,0,0
V8,V8_T24,2024-07-12,2024-07-13,KITE_214,KITE,115,100,5.75,18.51555556,4.4360185195833335,100,0,0,0
V8,V8_T24,2024-07-12,2024-07-13,LEB_214,LEB,115,100,5.75,18.63416667,4.4644357646875,100,0,0,0
V8,V8_T25,2024-07-13,2024-07-14,CONTROL_215,CONTROL,115,100,5.75,16.17833333,3.8760590269791666,100,0,0,0
V8,V8_T25,2024-07-13,2024-07-14,KITE_215,KITE,115,100,5.75,16.42555556,3.9352893529166666,100,0,0,0
V8,V8_T25,2024-07-13,2024-07-14,LEB_215,LEB,115,100,5.75,16.38,3.924375,100,0,0,0
V8,V8_T26,2024-07-16,2024-07-16,CONTROL_216,CONTROL,67,100,2.68,4.458333333,0.497847222185,100,0,0,0
V8,V8_T26,2024-07-16,2024-07-16,KITE_216,KITE,67,100,2.68,4.074166667,0.45494861114833335,100,0,0,0
V8,V8_T26,2024-07-16,2024-07-16,LEB_216,LEB,67,100,2.68,4.345833333,0.485284722185,100,0,0,0
V8,V8_T27,2024-07-17,2024-07-17,CONTROL_217,CONTROL,67,103.0716,2.68,4.165,0.47937742230000013,MUR,0,0,0
V8,V8_T27,2024-07-17,2024-07-17,KITE_217,KITE,67,100,2.68,3.556944445,0.39719212969166673,MUR,0,0,0
V8,V8_T27,2024-07-17,2024-07-17,LEB_217,LEB,67,70.840157,2.68,4.090277778,0.3235607772966298,MUR,0,0,0
V8,V8_T28,2024-07-18,2024-07-18,CONTROL_218,CONTROL,67,98.241786,2.68,5.853888889,0.6421910911093558,MUR,0,0,0
V8,V8_T28,2024-07-18,2024-07-18,KITE_218,KITE,67,73.49818599999999,2.68,5.532222222,0.4540459326169097,MUR,0,0,0
V8,V8_T28,2024-07-18,2024-07-18,LEB_218,LEB,67,86.731588,2.68,5.298888889,0.5131988369093538,MUR,0,0,0
V8,V8_T29,2024-07-22,2024-07-22,CONTROL_219,CONTROL,67,100,2.68,2.155833333,0.240734722185,MUR,0,0,0
V8,V8_T29,2024-07-22,2024-07-22,KITE_219,KITE,67,100,2.68,2.23,0.24901666666666664,MUR,0,0,0
V8,V8_T29,2024-07-22,2024-07-22,LEB_219,LEB,67,100,2.68,2.725277778,0.30432268521000005,MUR,0,0,0
V8,V8_T30,2024-07-23,2024-07-23,CONTROL_220,CONTROL,67,117.776705,2.68,5.112777778,0.6724188341005686,MUR,0,0,0
V8,V8_T30,2024-07-23,2024-07-23,KITE_220,KITE,67,75.24256199999999,2.68,4.982222222,0.41861060028755087,MUR,0,0,0
V8,V8_T30,2024-07-23,2024-07-23,LEB_220,LEB,67,89.690889,2.68,4.857222222,0.48647424673060446,MUR,0,0,0
V8,V8_T31,2024-07-25,2024-07-25,CONTROL_221,CONTROL,67,103.488305,2.68,4.208333333,0.4863231665830072,MUR,0,0,0
V8,V8_T31,2024-07-25,2024-07-25,KITE_221,KITE,67,85.129652,2.68,4.395,0.417795049603,MUR,0,0,0
V8,V8_T31,2024-07-25,2024-07-25,LEB_221,LEB,67,79.574482,2.68,4.481111111,0.3981833399105343,MUR,0,0,0
V8,V8_T32,2024-07-26,2024-07-26,CONTROL_222,CONTROL,115,95.025001,5.75,9.142222222,2.081355473241538,BSS,0,0,0
V8,V8_T32,2024-07-26,2024-07-26,KITE_222,KITE,115,100.665171,5.75,9.000555556,2.1707267370014605,BSS,0,0,0
V8,V8_T32,2024-07-26,2024-07-26,LEB_222,LEB,115,92.085317,5.75,8.956111111,1.9759068340733457,BSS,0,0,0
V8,V8_T33,2024-07-27,2024-07-27,CONTROL_223,CONTROL,67,102.660265,2.68,2.646666667,0.3034067098976569,MUR,0,0,0
V8,V8_T33,2024-07-27,2024-07-27,KITE_223,KITE,67,80.98341500000001,2.68,3.016111111,0.2727513918635169,MUR,0,0,0
V8,V8_T33,2024-07-27,2024-07-27,LEB_223,LEB,67,83.762824,2.68,2.532777778,0.23690375816219297,MUR,0,0,0
V8,V8_T34,2024-07-27,2024-07-28,CONTROL_224,CONTROL,115,85.58969900000001,5.75,13.66527778,2.802183466110056,BSS,0,0,0
V8,V8_T34,2024-07-27,2024-07-28,KITE_224,KITE,115,106.674295,5.75,13.15972222,3.3632806328051776,BSS,0,0,0
V8,V8_T34,2024-07-27,2024-07-28,LEB_224,LEB,115,77.280887,5.75,13.65138889,2.5275836636069116,BSS,0,0,0
V8,V8_T35,2024-07-29,2024-07-29,CONTROL_225,CONTROL,67,88.17855,2.68,4.719444445,0.4647050408949811,MUR,0,0,0
V8,V8_T35,2024-07-29,2024-07-29,KITE_225,KITE,67,94.730251,2.68,4.619444444,0.4886545970210876,MUR,0,0,0
V8,V8_T35,2024-07-29,2024-07-29,LEB_225,LEB,67,92.393874,2.68,4.419444444,0.4559680456383119,MUR,0,0,0
V8,V8_T36,2024-07-30,2024-07-30,CONTROL_226,CONTROL,67,82.683726,2.68,4.661666667,0.43041243249394345,MUR,0,0,0
V8,V8_T36,2024-07-30,2024-07-30,KITE_226,KITE,67,86.781998,2.68,3.972777778,0.3849882457230719,MUR,0,0,0
V8,V8_T36,2024-07-30,2024-07-30,LEB_226,LEB,67,98.430252,2.68,3.833888889,0.4213972252574349,MUR,0,0,0
V8,V8_T37,2024-07-30,2024-07-31,CONTROL_227,CONTROL,67,95.852341,2.68,17.63777778,1.887861557446708,MUR,0,0,0
V8,V8_T37,2024-07-30,2024-07-31,KITE_227,KITE,67,83.025419,2.68,17.31833333,1.6056124339004891,MUR,0,0,0
V8,V8_T37,2024-07-30,2024-07-31,LEB_227,LEB,67,86.419937,2.68,16.75444444,1.6168418034885272,BSS,0,0,0
V8,V8_T39,2024-08-01,2024-08-02,CONTROL_228,CONTROL,67,94.803881,2.68,9.954166667,1.0537912225702188,MUR,0,0,0
V8,V8_T39,2024-08-01,2024-08-02,KITE_228,KITE,67,65.906258,2.68,9.518055556,0.7004843580641442,MUR,0,0,0
V8,V8_T39,2024-08-01,2024-08-02,LEB_228,LEB,67,71.958269,2.68,9.365277778,0.7525319149967684,MUR,0,0,0
V8,V8_T41,2024-08-03,2024-08-04,CONTROL_229,CONTROL,67,89.79018599999999,2.68,15.03166667,1.5071606965780522,MUR,0,0,0
V8,V8_T41,2024-08-03,2024-08-04,KITE_229,KITE,67,66.516766,2.68,14.85111111,1.1030968021739886,MUR,0,0,0
V8,V8_T41,2024-08-03,2024-08-04,LEB_229,LEB,67,113.603139,2.68,14.615,1.85401269540825,MUR,0,0,0
V8,V8_T42,2024-08-05,2024-08-05,CONTROL_230,CONTROL,67,85.749468,2.68,2.599166667,0.2488794941480845,MUR,0,0,0
V8,V8_T42,2024-08-05,2024-08-05,KITE_230,KITE,67,86.51510900000001,2.68,3.126388889,0.3020358609841834,MUR,0,0,0
V8,V8_T42,2024-08-05,2024-08-05,LEB_230,LEB,67,77.101987,2.68,3.276388889,0.28208797110472844,MUR,0,0,0
V8,V8_T43,2024-08-06,2024-08-06,CONTROL_231,CONTROL,67,105.018363,2.68,12.21055556,1.4319380211254524,MUR,0,0,0
V8,V8_T43,2024-08-06,2024-08-06,KITE_231,KITE,67,76.937761,2.68,12.11638889,1.0409654130720942,MUR,0,0,0
V8,V8_T43,2024-08-06,2024-08-06,LEB_231,LEB,67,70.49157100000001,2.68,12.01638889,0.9458771125067352,MUR,0,0,0
V8,V8_T44,2024-08-09,2024-08-09,CONTROL_232,CONTROL,67,66.89524,2.68,7.926944444,0.5921402503369854,MUR,0,0,0
V8,V8_T44,2024-08-09,2024-08-09,KITE_232,KITE,67,88.31987299999999,2.68,7.679722222,0.7574038353099214,MUR,0,0,0
V8,V8_T44,2024-08-09,2024-08-09,LEB_232,LEB,67,79.81989,2.68,7.576944444,0.6753498071294135,MUR,0,0,0
V8,V8_T45,2024-08-10,2024-08-10,CONTROL_233,CONTROL,67,74.399593,2.68,5.7355555560000004,0.4765073488780724,MUR,0,0,0
V8,V8_T45,2024-08-10,2024-08-10,KITE_233,KITE,67,115.955595,2.68,5.699166667,0.7379494590950363,MUR,0,0,0
V8,V8_T45,2024-08-10,2024-08-10,LEB_233,LEB,67,59.613632,2.68,5.688055555,0.3786456432273138,MUR,0,0,0
V8,V8_T46,2024-08-12,2024-08-12,CONTROL_234,CONTROL,67,93.505404,2.68,3.1802777780000002,0.33206669361825875,MUR,0,0,0
V8,V8_T46,2024-08-12,2024-08-12,KITE_234,KITE,67,93.561395,2.68,2.774722222,0.2898943513743987,MUR,0,0,0
V8,V8_T46,2024-08-12,2024-08-12,LEB_234,LEB,67,72.32263,2.68,2.346944444,0.1895398673635973,MUR,0,0,0
V8,V8_T47,2024-08-16,2024-08-16,CONTROL_235,CONTROL,67,80.177903,2.68,9.011388889,0.8068075950652305,MUR,0,0,0
V8,V8_T47,2024-08-16,2024-08-16,KITE_235,KITE,67,94.110387,2.68,8.736388889,0.918106515581024,MUR,0,0,0
V8,V8_T47,2024-08-16,2024-08-16,LEB_235,LEB,67,96.094605,2.68,8.475277778,0.9094451252154432,MUR,0,0,0
V8,V8_T48,2024-08-24,2024-08-24,CONTROL_236,CONTROL,67,73.090279,2.68,5.185833333,0.4232546390913914,MUR,0,0,0
V8,V8_T48,2024-08-24,2024-08-24,KITE_236,KITE,67,95.625013,2.68,4.813611111,0.5140034813240567,MUR,0,0,0
V8,V8_T48,2024-08-24,2024-08-24,LEB_236,LEB,67,88.820577,2.68,5.699722222,0.5653154217558344,MUR,0,0,0
V8,V8_T49,2024-08-25,2024-08-25,CONTROL_237,CONTROL,67,108.190266,2.68,4.851666667,0.5861418030914375,MUR,0,0,0
V8,V8_T49,2024-08-25,2024-08-25,KITE_237,KITE,67,71.794756,2.68,4.418888889,0.3542659053608338,MUR,0,0,0
V8,V8_T49,2024-08-25,2024-08-25,LEB_237,LEB,67,79.172708,2.68,4.585,0.40535766723433336,MUR,0,0,0
V8,V8_T50,2024-08-26,2024-08-26,CONTROL_238,CONTROL,67,79.013953,2.68,4.178888889,0.36871275879889626,MUR,0,0,0
V8,V8_T50,2024-08-26,2024-08-26,KITE_238,KITE,67,86.829833,2.68,3.951111111,0.3830996550247081,MUR,0,0,0
V8,V8_T50,2024-08-26,2024-08-26,LEB_238,LEB,67,66.54786899999999,2.68,4.126111111,0.3066186902252709,MUR,0,0,0
V8,V8_T51,2024-08-28,2024-08-28,CONTROL_239,CONTROL,67,93.671191,2.68,6.195555556,0.6480519924181927,MUR,0,0,0
V8,V8_T51,2024-08-28,2024-08-28,KITE_239,KITE,67,80.581098,2.68,6.659444444,0.5992316356603968,MUR,0,0,0
V8,V8_T51,2024-08-28,2024-08-28,LEB_239,LEB,67,83.85134,2.68,7.170555556,0.671407772638467,MUR,0,0,0
V8,V8_T52,2024-08-29,2024-08-29,CONTROL_240,CONTROL,67,101.442301,2.68,5.499722222,0.6229933327175727,MUR,0,0,0
V8,V8_T52,2024-08-29,2024-08-29,KITE_240,KITE,67,69.776358,2.68,6.080277778,0.47375659685784266,MUR,0,0,0
V8,V8_T52,2024-08-29,2024-08-29,LEB_240,LEB,67,85.36589,2.68,6.310833333,0.6015817262597526,MUR,0,0,0
V8,V8_T53,2024-08-30,2024-08-30,CONTROL_241,CONTROL,67,99.568971,2.68,6.276944445,0.697904271010978,MUR,0,0,0
V8,V8_T53,2024-08-30,2024-08-30,KITE_241,KITE,67,87.875643,2.68,6.113055556,0.5998607012406818,MUR,0,0,0
V8,V8_T53,2024-08-30,2024-08-30,LEB_241,LEB,67,83.804606,2.68,5.596388889,0.5237202018830555,MUR,0,0,0
V8,V8_T54,2024-08-30,2024-08-31,CONTROL_242,CONTROL,115,111.712552,5.75,17.21194444,4.606684945866255,BSS,0,0,0
V8,V8_T54,2024-08-30,2024-08-31,KITE_242,KITE,115,91.390825,5.75,17.89805556,3.918907860526817,BSS,0,0,0
V8,V8_T54,2024-08-30,2024-08-31,LEB_242,LEB,115,86.085542,5.75,18.38972222,3.792817885872635,BSS,0,0,0
V8,V8_T55,2024-09-07,2024-09-07,CONTROL_243,CONTROL,67,77.09189099999999,2.68,5.446666667,0.4688814468563619,MUR,0,0,0
V8,V8_T55,2024-09-07,2024-09-07,KITE_243,KITE,67,78.70165399999999,2.68,5.18,0.45523660062066656,MUR,0,0,0
V8,V8_T55,2024-09-07,2024-09-07,LEB_243,LEB,67,75.729791,2.68,5.157777778,0.4361671336868293,MUR,0,0,0
V8,V8_T56,2024-09-13,2024-09-13,CONTROL_244,CONTROL,115,76.356453,5.75,11.33222222,2.073086536095903,BSS,0,0,0
V8,V8_T56,2024-09-13,2024-09-13,KITE_244,KITE,115,88.80186499999999,5.75,10.10444444,2.1497657035833595,BSS,0,0,0
V8,V8_T56,2024-09-13,2024-09-13,LEB_244,LEB,115,83.074348,5.75,10.78222222,2.1460104021984465,BSS,0,0,0
V8,V8_T57,2024-09-13,2024-09-14,CONTROL_245,CONTROL,115,73.96104000000001,5.75,13.32861111,2.3618075632683913,BSS,0,0,0
V8,V8_T57,2024-09-13,2024-09-14,KITE_245,KITE,115,100.085129,5.75,12.8675,3.085462931288802,BSS,0,0,0
V8,V8_T57,2024-09-13,2024-09-14,LEB_245,LEB,115,76.080316,5.75,12.77861111,2.3292310145487445,BSS,0,0,0
V8,V8_T58,2024-09-21,2024-09-21,CONTROL_246,CONTROL,67,78.374925,2.68,4.148333333,0.3630566004645771,MUR,0,0,0
V8,V8_T58,2024-09-21,2024-09-21,KITE_246,KITE,67,92.86848,2.68,3.759444445,0.3898661785642796,MUR,0,0,0
V8,V8_T58,2024-09-21,2024-09-21,LEB_246,LEB,67,93.803577,2.68,3.94,0.4127044709410001,MUR,0,0,0
V8,V8_T59,2024-09-22,2024-09-22,CONTROL_247,CONTROL,67,86.593641,2.68,5.384722222,0.5206823516571926,MUR,0,0,0
V8,V8_T59,2024-09-22,2024-09-22,KITE_247,KITE,67,88.830825,2.68,5.048611111,0.5007940572719646,MUR,0,0,0
V8,V8_T59,2024-09-22,2024-09-22,LEB_247,LEB,67,86.29243100000001,2.68,5.193055556,0.5004022168739146,MUR,0,0,0
V8,V8_T60,2024-09-28,2024-09-28,CONTROL_248,CONTROL,67,71.337683,2.68,2.725833333,0.217141008212766,MUR,0,0,0
V8,V8_T60,2024-09-28,2024-09-28,KITE_248,KITE,67,80.234292,2.68,3.159166667,0.2830454092676984,MUR,0,0,0
V8,V8_T60,2024-09-28,2024-09-28,LEB_248,LEB,67,88.088774,2.68,3.575833333,0.3517396980044059,MUR,0,0,0
V8,V8_T61,2024-10-11,2024-10-11,CONTROL_249,CONTROL,67,64.46628899999999,2.68,1.797222222,0.12937727599608614,MUR,0,0,0
V8,V8_T61,2024-10-11,2024-10-11,KITE_249,KITE,67,85.085823,2.68,1.933333333,0.18369083784499585,MUR,0,0,0
V8,V8_T61,2024-10-11,2024-10-11,LEB_249,LEB,67,105.395229,2.68,1.663888889,0.19582531137682685,MUR,0,0,0
V8,V8_T62,2024-10-12,2024-10-12,CONTROL_250,CONTROL,67,91.163947,2.68,2.871666667,0.292334922412461,MUR,0,0,0
V8,V8_T62,2024-10-12,2024-10-12,KITE_250,KITE,67,80.158029,2.68,1.516111111,0.13570680088308223,MUR,0,0,0
V8,V8_T62,2024-10-12,2024-10-12,LEB_250,LEB,67,83.206605,2.68,1.788333333,0.16616127885944532,MUR,0,0,0
V8,V8_T63,2024-10-13,2024-10-13,CONTROL_251,CONTROL,67,71.824237,2.68,2.878055556,0.2308307945278637,MUR,0,0,0
V8,V8_T63,2024-10-13,2024-10-13,KITE_251,KITE,67,80.812891,2.68,1.8975,0.171232414417625,MUR,0,0,0
V8,V8_T63,2024-10-13,2024-10-13,LEB_251,LEB,67,112.822295,2.68,2.386388889,0.30064895619508625,MUR,0,0,0
V8,V8_T64,2024-10-19,2024-10-19,CONTROL_252,CONTROL,67,101.998373,2.68,2.513888889,0.2863273771818683,MUR,0,0,0
V8,V8_T64,2024-10-19,2024-10-19,KITE_252,KITE,67,69.509309,2.68,2.711111111,0.2104329969417461,MUR,0,0,0
V8,V8_T64,2024-10-19,2024-10-19,LEB_252,LEB,67,91.465187,2.68,2.319444444,0.23689906878400435,MUR,0,0,0
V8,V8_T65,2024-10-22,2024-10-22,CONTROL_253,CONTROL,67,82.379716,2.68,3.853333333,0.3544707646155587,MUR,0,0,0
V8,V8_T65,2024-10-22,2024-10-22,KITE_253,KITE,67,97.371751,2.68,2.717222222,0.2954484322670134,MUR,0,0,0
V8,V8_T65,2024-10-22,2024-10-22,LEB_253,LEB,67,75.710032,2.68,3.133888889,0.2649479580122085,MUR,0,0,0
V8,V8_T66,2024-10-29,2024-10-29,CONTROL_254,CONTROL,67,112.462152,2.68,3.856944444,0.48436563742029654,MUR,0,0,0
V8,V8_T66,2024-10-29,2024-10-29,KITE_254,KITE,67,70.341588,2.68,3.443055556,0.2704454948424103,MUR,0,0,0
V8,V8_T66,2024-10-29,2024-10-29,LEB_254,LEB,67,75.78483299999999,2.68,2.934722222,0.24835496740348575,MUR,0,0,0
V8,V8_T67,2024-10-31,2024-10-31,CONTROL_255,CONTROL,67,89.451203,2.68,4.922777778,0.4917223736838732,MUR,0,0,0
V8,V8_T67,2024-10-31,2024-10-31,KITE_255,KITE,67,97.060483,2.68,5.589444445,0.6058074982455931,MUR,0,0,0
V8,V8_T67,2024-10-31,2024-10-31,LEB_255,LEB,67,104.236333,2.68,4.742222222,0.551981571073171,MUR,0,0,0
V8,V8_T68,2024-11-01,2024-11-01,CONTROL_256,CONTROL,67,79.225812,2.68,4.428055556,0.3917448649891529,MUR,0,0,0
V8,V8_T68,2024-11-01,2024-11-01,KITE_256,KITE,67,84.903205,2.68,4.233611111,0.4013826531197204,MUR,0,0,0
V8,V8_T68,2024-11-01,2024-11-01,LEB_256,LEB,67,92.624532,2.68,4.866944444,0.5033916040583086,MUR,0,0,0
V8,V8_T69,2025-01-02,2025-01-02,CONTROL_257,CONTROL,67,82.181869,2.68,3.885,0.35652549318925003,MUR,0,0,0
V8,V8_T69,2025-01-02,2025-01-02,KITE_257,KITE,67,88.764669,2.68,4.498888889,0.4459323277948467,MUR,0,0,0
V8,V8_T69,2025-01-02,2025-01-02,LEB_257,LEB,67,97.478635,2.68,3.6775,0.4003000762372917,MUR,0,0,0
V8,V8_T70,2025-01-02,2025-01-02,CONTROL_258,CONTROL,67,63.304448,2.68,1.694444444,0.11978022171673038,MUR,0,0,0
V8,V8_T70,2025-01-02,2025-01-02,KITE_258,KITE,67,96.372092,2.68,1.544444444,0.1662061652847635,MUR,0,0,0
V8,V8_T70,2025-01-02,2025-01-02,LEB_258,LEB,67,97.177841,2.68,1.786111111,0.19382030406761871,MUR,0,0,0
V8,V8_T71,2025-01-03,2025-01-03,CONTROL_259,CONTROL,67,89.187108,2.68,3.927777778,0.39117630732324266,MUR,0,0,0
V8,V8_T71,2025-01-03,2025-01-03,KITE_259,KITE,67,92.891245,2.68,3.852222222,0.3995854520103752,MUR,0,0,0
V8,V8_T71,2025-01-03,2025-01-03,LEB_259,LEB,67,87.733534,2.68,4.555,0.4462493095631667,MUR,0,0,0
V8,V8_T73,2025-01-11,2025-01-11,CONTROL_260,CONTROL,115,86.91301899999999,5.75,6.326111111,1.317280473884213,BSS,8,8,6.073118184474955
V8,V8_T73,2025-01-11,2025-01-11,KITE_260,KITE,115,79.376984,5.75,6.067777778,1.153933717791335,BSS,0,0,0
V8,V8_T73,2025-01-11,2025-01-11,LEB_260,LEB,115,99.735753,5.75,5.956666667,1.4233469389869422,BSS,0,0,0
V8,V8_T74,2025-01-11,2025-01-12,CONTROL_261,CONTROL,115,93.859059,5.75,15.89833333,3.5750687435947013,BSS,1,1,0.27971490108872943
V8,V8_T74,2025-01-11,2025-01-12,KITE_261,KITE,115,92.127876,5.75,15.51611111,3.424763154991558,BSS,0,0,0
V8,V8_T74,2025-01-11,2025-01-12,LEB_261,LEB,115,101.042161,5.75,15.76722222,3.8169319520571254,BSS,0,0,0
V8,V8_T76,2025-01-17,2025-01-18,CONTROL_262,CONTROL,115,83.328424,5.75,15.70916667,3.136193991893942,BSS,0,0,0
V8,V8_T76,2025-01-17,2025-01-18,KITE_262,KITE,115,92.112094,5.75,15.26194444,3.36808564585847,BSS,0,0,0
V8,V8_T76,2025-01-17,2025-01-18,LEB_262,LEB,115,108.398703,5.75,15.47583333,4.019154791538743,BSS,0,0,0
V8,V8_T78,2025-01-19,2025-01-19,CONTROL_263,CONTROL,67,91.811958,2.68,4.367222222,0.44774226593227257,MUR,0,0,0
V8,V8_T78,2025-01-19,2025-01-19,KITE_263,KITE,67,78.230742,2.68,4.040277778,0.3529492201126073,MUR,0,0,0
V8,V8_T78,2025-01-19,2025-01-19,LEB_263,LEB,67,81.610579,2.68,4.400555556,0.4010306069789567,MUR,0,0,0
V8,V8_T80,2025-01-25,2025-01-25,CONTROL_264,CONTROL,115,101.539631,5.75,6.927777778,1.6853345814840377,BSS,0,0,0
V8,V8_T80,2025-01-25,2025-01-25,KITE_264,KITE,115,95.456473,5.75,6.947222222,1.5888144375588429,BSS,0,0,0
V8,V8_T80,2025-01-25,2025-01-25,LEB_264,LEB,115,88.65121500000001,5.75,6.755555556,1.4348363317610642,BSS,0,0,0
V8,V8_T82,2025-01-30,2025-01-30,CONTROL_265,CONTROL,67,112.333659,2.68,3.355833333,0.4209532249738953,MUR,0,0,0
V8,V8_T82,2025-01-30,2025-01-30,KITE_265,KITE,67,79.721996,2.68,3.891388889,0.34642270654502105,MUR,0,0,0
V8,V8_T82,2025-01-30,2025-01-30,LEB_265,LEB,67,99.679855,2.68,3.436388889,0.3825015999000297,MUR,0,0,0
V8,V8_T84,2025-01-31,2025-01-31,CONTROL_266,CONTROL,115,91.675612,5.75,7.418611111,1.6294199392907576,BSS,0,0,0
V8,V8_T84,2025-01-31,2025-01-31,KITE_266,KITE,115,97.779012,5.75,7.920833333,1.855551971135454,BSS,0,0,0
V8,V8_T84,2025-01-31,2025-01-31,LEB_266,LEB,115,88.014654,5.75,7.245833333,1.527917585015648,BSS,0,0,0
V8,V8_T85,2025-01-31,2025-02-01,CONTROL_267,CONTROL,115,93.255748,5.75,16.44805556,3.6749105896924226,BSS,0,0,0
V8,V8_T85,2025-01-31,2025-02-01,KITE_267,KITE,115,84.381812,5.75,16.59722222,3.3553734121954206,BSS,0,0,0
V8,V8_T85,2025-01-31,2025-02-01,LEB_267,LEB,115,79.294235,5.75,17.69166667,3.360988022174051,BSS,0,0,0
V8,V8_T86,2025-02-08,2025-02-08,CONTROL_268,CONTROL,120,98.482462,4.8,6.501944444,1.2806549932646825,POL,0,0,0
V8,V8_T86,2025-02-08,2025-02-08,KITE_268,KITE,120,98.748178,4.8,6.218611111,1.2281530338036115,POL,0,0,0
V8,V8_T86,2025-02-08,2025-02-08,LEB_268,LEB,120,109.127937,4.8,6.413055556,1.3996870453853358,POL,0,0,0
V8,V8_T87,2025-02-08,2025-02-09,CONTROL_269,CONTROL,120,83.19951,4.8,18.39861111,3.061510858065112,POL,0,0,0
V8,V8_T87,2025-02-08,2025-02-09,KITE_269,KITE,120,107.827805,4.8,17.77361111,3.8329789458298262,POL,0,0,0
V8,V8_T87,2025-02-08,2025-02-09,LEB_269,LEB,120,88.11529399999999,4.8,18.2375,3.21400534865,POL,1,1,0.31113825010279983
V8,V8_T88,2025-02-27,2025-02-27,CONTROL_270,CONTROL,67,113.698318,2.68,5.004444444,0.6353798893180905,MUR,0,0,0
V8,V8_T88,2025-02-27,2025-02-27,KITE_270,KITE,67,87.508879,2.68,4.421111111,0.432023232938161,MUR,0,0,0
V8,V8_T88,2025-02-27,2025-02-27,LEB_270,LEB,67,100.730722,2.68,4.735,0.5326052983481667,MUR,0,0,0
V8,V8_T89,2025-02-27,2025-02-27,CONTROL_271,CONTROL,67,115.621899,2.68,2.3052777780000002,0.2976369970965942,MUR,0,0,0
V8,V8_T89,2025-02-27,2025-02-27,KITE_271,KITE,67,97.959736,2.68,2.388611111,0.2612862804549198,MUR,0,0,0
V8,V8_T89,2025-02-27,2025-02-27,LEB_271,LEB,67,115.563519,2.68,2.3525,0.303580549266375,MUR,0,0,0
V8,V8_T90,2025-02-28,2025-02-28,CONTROL_272,CONTROL,67,85.96586500000001,2.68,6.506944444,0.6246355368595345,MUR,0,0,0
V8,V8_T90,2025-02-28,2025-02-28,KITE_272,KITE,67,110.906192,2.68,6.126388889,0.758724149668946,MUR,0,0,0
V8,V8_T90,2025-02-28,2025-02-28,LEB_272,LEB,67,107.223255,2.68,6.270833333,0.7508233970382141,MUR,0,0,0
V8,V8_T91,2025-02-28,2025-03-01,CONTROL_273,CONTROL,120,117.9242,4.8,15.25055556,3.596819127937104,POL,0,0,0
V8,V8_T91,2025-02-28,2025-03-01,KITE_273,KITE,120,97.052705,4.8,14.75472222,2.86397140594921,POL,0,0,0
V8,V8_T91,2025-02-28,2025-03-01,LEB_273,LEB,120,83.08666600000001,4.8,14.99222222,2.491307520381837,POL,0,0,0
V8,V8_T92,2025-03-02,2025-03-02,CONTROL_274,CONTROL,67,98.649403,2.68,3.784166667,0.416858123849789,MUR,0,0,0
V8,V8_T92,2025-03-02,2025-03-02,KITE_274,KITE,67,103.646146,2.68,3.550833333,0.4109670455600595,MUR,0,0,0
V8,V8_T92,2025-03-02,2025-03-02,LEB_274,LEB,67,110.454699,2.68,3.636944444,0.44858465762327904,MUR,0,0,0
V8,V8_T93,2025-03-14,2025-03-14,CONTROL_275,CONTROL,67,82.594107,2.68,6.429444444,0.5929882149667588,MUR,0,0,0
V8,V8_T93,2025-03-14,2025-03-14,KITE_275,KITE,67,100,2.68,6.35,0.7090833333333334,MUR,0,0,0
V8,V8_T93,2025-03-14,2025-03-14,LEB_275,LEB,67,100,2.68,6.233333333,0.6960555555183334,MUR,0,0,0
V8,V8_T94,2025-03-16,2025-03-16,CONTROL_276,CONTROL,120,72.030604,4.8,9.520555556,1.3715427342284716,POL,0,0,0
V8,V8_T94,2025-03-16,2025-03-16,KITE_276,KITE,120,71.997834,4.8,9.395555555,1.3529192983733358,POL,0,0,0
V8,V8_T94,2025-03-16,2025-03-16,LEB_276,LEB,120,99.672658,4.8,9.487222222,1.8912333118068123,POL,0,0,0
V9,V9_T02,2024-01-05,2024-01-06,CONTROL_277,CONTROL,300,291.094928,1.5,23.14,4.2099603962000005,SKX,0,0,0
V9,V9_T02,2024-01-05,2024-01-06,KITE_277,KITE,300,263.720336,1.5,23.55111111,3.881816834439083,SKX,0,0,0
V9,V9_T02,2024-01-05,2024-01-06,LEB_277,LEB,300,256.218542,1.5,22.82055556,3.6544059207582458,SKX,0,0,0
V9,V9_T03,2024-01-06,2024-01-07,CONTROL_278,CONTROL,300,285.90208099999995,1.5,25.63305556,4.580339954370387,SKX,0,0,0
V9,V9_T03,2024-01-06,2024-01-07,KITE_278,KITE,300,265.19852399999996,1.5,25.48027778,4.223332536478748,SKX,0,0,0
V9,V9_T03,2024-01-06,2024-01-07,LEB_278,LEB,300,248.170397,1.5,25.74694444,3.993518389507339,SKX,0,0,0
V9,V9_T05,2024-01-12,2024-01-13,CONTROL_279,CONTROL,300,327.991769,1.5,25.11583333,5.1486166273849125,SKX,0,0,0
V9,V9_T05,2024-01-12,2024-01-13,KITE_279,KITE,300,284.320872,1.5,25.54638889,4.539607228534944,SKX,0,0,0
V9,V9_T05,2024-01-12,2024-01-13,LEB_279,LEB,300,284.346867,1.5,24.41305556,4.338609913989332,SKX,0,0,0
V9,V9_T06,2024-01-13,2024-01-14,CONTROL_280,CONTROL,300,318.935867,1.5,24.12722222,4.809397835648354,SKX,0,0,0
V9,V9_T06,2024-01-13,2024-01-14,KITE_280,KITE,300,300.959952,1.5,23.855,4.487124784350001,SKX,0,0,0
V9,V9_T06,2024-01-13,2024-01-14,LEB_280,LEB,300,299.56282699999997,1.5,24.32166667,4.553667015635547,SKX,0,0,0
V9,V9_T07,2024-01-14,2024-01-15,CONTROL_281,CONTROL,300,318.546411,1.5,21.86027778,4.3521956439262794,SKX,0,0,0
V9,V9_T07,2024-01-14,2024-01-15,KITE_281,KITE,300,291.23299099999997,1.5,21.98805556,4.002279491883112,SKX,0,0,0
V9,V9_T07,2024-01-14,2024-01-15,LEB_281,LEB,300,299.54185900000004,1.5,21.78527778,4.078501628157872,SKX,0,0,0
V9,V9_T08,2024-01-15,2024-01-16,CONTROL_282,CONTROL,300,318.728972,1.5,21.265,4.236107243487501,SKX,0,0,0
V9,V9_T08,2024-01-15,2024-01-16,KITE_282,KITE,300,295.449546,1.5,21.28166667,3.9297867223592697,SKX,0,0,0
V9,V9_T08,2024-01-15,2024-01-16,LEB_282,LEB,300,281.329214,1.5,21.23722222,3.734156896684959,SKX,0,0,0
V9,V9_T09,2024-01-16,2024-01-19,CONTROL_283,CONTROL,300,306.336516,1.5,71.67111111,13.722174047053931,SKX,0,0,0
V9,V9_T09,2024-01-16,2024-01-19,KITE_283,KITE,300,275.45198999999997,1.5,71.52666667,12.313851670198856,SKX,0,0,0
V9,V9_T09,2024-01-16,2024-01-19,LEB_283,LEB,300,283.51461700000004,1.5,71.81555556,12.725474830772264,SKX,0,0,0
V9,V9_T11,2024-02-01,2024-02-02,CONTROL_284,CONTROL,300,106.532768,1.5,23.18472222,1.5437078958798156,SCR,0,0,0
V9,V9_T11,2024-02-01,2024-02-02,KITE_284,KITE,300,111.716468,1.5,23.00972222,1.6066030600496994,SCR,0,0,0
V9,V9_T11,2024-02-01,2024-02-02,LEB_284,LEB,300,115.523888,1.5,22.72916667,1.6411010654490084,SCR,0,0,0
V9,V9_T12,2024-02-02,2024-02-03,CONTROL_285,CONTROL,300,136.30516500000002,1.5,27.80194444,2.3684678901343963,SCR,0,0,0
V9,V9_T12,2024-02-02,2024-02-03,KITE_285,KITE,300,127.118258,1.5,27.83527778,2.211482513962317,SCR,0,0,0
V9,V9_T12,2024-02-02,2024-02-03,LEB_285,LEB,300,157.46801499999998,1.5,27.86027778,2.741939149603254,SCR,0,0,0
V9,V9_T13,2024-02-03,2024-02-04,CONTROL_286,CONTROL,300,133.42822900000002,1.5,21.50444444,1.793312460786311,SCR,0,0,0
V9,V9_T13,2024-02-03,2024-02-04,KITE_286,KITE,300,139.795789,1.5,22.06833333,1.928162543613967,SCR,0,0,0
V9,V9_T13,2024-02-03,2024-02-04,LEB_286,LEB,300,115.415266,1.5,22.77111111,1.6425836536726284,SCR,0,0,0
V9,V9_T15,2024-02-11,2024-02-12,CONTROL_287,CONTROL,300,146.693659,1.5,23.92833333,2.1938342312183465,SCR,0,0,0
V9,V9_T15,2024-02-11,2024-02-12,KITE_287,KITE,300,153.250679,1.5,24.05611111,2.30413460106684,SCR,0,0,0
V9,V9_T15,2024-02-11,2024-02-12,LEB_287,LEB,300,135.471867,1.5,23.52555556,1.9919068337033945,SCR,0,0,0
V9,V9_T17,2024-02-16,2024-02-18,CONTROL_288,CONTROL,300,124.071721,1.5,48.48722222,3.759933192090525,SCR,0,0,0
V9,V9_T17,2024-02-16,2024-02-18,KITE_288,KITE,300,107.028672,1.5,49.07055556,3.282472747430635,SCR,1,1,0.30464837850756044
V9,V9_T17,2024-02-16,2024-02-18,LEB_288,LEB,300,110.718471,1.5,48.89277778,3.3833334992152335,SCR,0,0,0
V9,V9_T18,2024-02-18,2024-02-19,CONTROL_289,CONTROL,300,125.305953,1.5,24.8425,1.9455707108765627,SCR,0,0,0
V9,V9_T18,2024-02-18,2024-02-19,KITE_289,KITE,300,145.197756,1.5,24.6425,2.2362723138937493,SCR,0,0,0
V9,V9_T18,2024-02-18,2024-02-19,LEB_289,LEB,300,129.063381,1.5,24.63416667,1.9871055240923192,SCR,0,0,0
V9,V9_T20,2024-03-18,2024-03-19,CONTROL_290,CONTROL,300,138.84284499999998,1.5,24.17111111,2.097491145827192,SCR,0,0,0
V9,V9_T20,2024-03-18,2024-03-19,KITE_290,KITE,300,136.892751,1.5,24.0275,2.055744109157813,SCR,0,0,0
V9,V9_T20,2024-03-18,2024-03-19,LEB_290,LEB,300,129.53536,1.5,23.84638889,1.930594105978844,SCR,0,0,0
V9,V9_T21,2024-03-19,2024-03-20,CONTROL_291,CONTROL,300,120,1.5,24.89833333,1.86737499975,SCR,0,0,0
V9,V9_T21,2024-03-19,2024-03-20,KITE_291,KITE,300,125.182885,1.5,24.92388889,1.9500276979185296,SCR,0,0,0
V9,V9_T21,2024-03-19,2024-03-20,LEB_291,LEB,300,102.274189,1.5,24.91861111,1.592831713926025,SCR,0,0,0
V9,V9_T22,2024-03-20,2024-03-21,CONTROL_292,CONTROL,300,120,1.5,22.05583333,1.65418749975,SCR,0,0,0
V9,V9_T22,2024-03-20,2024-03-21,KITE_292,KITE,300,117.969858,1.5,21.76611111,1.6048406480368267,SCR,0,0,0
V9,V9_T22,2024-03-20,2024-03-21,LEB_292,LEB,300,102.735918,1.5,22.00944444,1.4132252995083725,SCR,0,0,0
V9,V9_T23,2024-03-21,2024-03-22,CONTROL_293,CONTROL,300,120,1.5,21.5275,1.6145625,SCR,0,0,0
V9,V9_T23,2024-03-21,2024-03-22,KITE_293,KITE,300,120,1.5,21.40694444,1.605520833,SCR,0,0,0
V9,V9_T23,2024-03-21,2024-03-22,LEB_293,LEB,300,120,1.5,21.02722222,1.5770416665,SCR,0,0,0
V9,V9_T25,2024-04-12,2024-04-13,CONTROL_294,CONTROL,300,114.562641,1.5,25.72638889,1.842051909144662,SCR,0,0,0
V9,V9_T25,2024-04-12,2024-04-13,KITE_294,KITE,300,113.444129,1.5,25.95694444,1.8404143459357456,SCR,0,0,0
V9,V9_T25,2024-04-12,2024-04-13,LEB_294,LEB,300,121.336935,1.5,26.14555556,1.9827634847016304,SCR,0,0,0
V9,V9_T26,2024-04-13,2024-04-14,CONTROL_295,CONTROL,300,121.380607,1.5,23.56194444,1.787476948892172,SCR,0,0,0
V9,V9_T26,2024-04-13,2024-04-14,KITE_295,KITE,300,118.286406,1.5,23.46944444,1.7350726460151766,SCR,0,0,0
V9,V9_T26,2024-04-13,2024-04-14,LEB_295,LEB,300,124.470739,1.5,23.45611111,1.8247496774548817,SCR,0,0,0
V9,V9_T27,2024-04-14,2024-04-16,CONTROL_296,CONTROL,300,100.145746,1.5,45.96944444,2.877277691655845,SCR,0,0,0
V9,V9_T27,2024-04-14,2024-04-16,KITE_296,KITE,300,116.103877,1.5,45.96611111,3.335527319052358,SCR,0,0,0
V9,V9_T27,2024-04-14,2024-04-16,LEB_296,LEB,300,118.596552,1.5,46.09111111,3.4164042846843077,SCR,0,0,0
V9,V9_T28,2024-04-16,2024-04-17,CONTROL_297,CONTROL,300,120,1.5,24,1.8,SCR,0,0,0
V9,V9_T28,2024-04-16,2024-04-17,KITE_297,KITE,300,109.546668,1.5,23.51277778,1.609841538264648,SCR,0,0,0
V9,V9_T28,2024-04-16,2024-04-17,LEB_297,LEB,300,117.637826,1.5,23.48694444,1.726845677065242,SCR,0,0,0
V9,V9_T29,2024-04-17,2024-04-18,CONTROL_298,CONTROL,300,111.664971,1.5,24.86388889,1.7352658949056703,SCR,0,0,0
V9,V9_T29,2024-04-17,2024-04-18,KITE_298,KITE,300,112.245641,1.5,24.7275,1.7347213048921877,SCR,0,0,0
V9,V9_T29,2024-04-17,2024-04-18,LEB_298,LEB,300,163.47704499999998,1.5,24.74805556,2.5285868702778873,SCR,0,0,0
V9,V9_T30,2024-04-18,2024-04-19,CONTROL_299,CONTROL,300,124.867401,1.5,25.395,1.981879780246875,SCR,0,0,0
V9,V9_T30,2024-04-18,2024-04-19,KITE_299,KITE,300,125.230926,1.5,25.34305556,1.983583947155155,SCR,0,0,0
V9,V9_T30,2024-04-18,2024-04-19,LEB_299,LEB,300,123.739734,1.5,25.20777778,1.9495023232676936,SCR,0,0,0
V9,V9_T31,2024-04-19,2024-04-21,CONTROL_300,CONTROL,300,121.465141,1.5,52.09805556,3.955061040263271,SCR,0,0,0
V9,V9_T31,2024-04-19,2024-04-21,KITE_300,KITE,300,118.049841,1.5,51.18888889,3.7767751215194783,SCR,0,0,0
V9,V9_T31,2024-04-19,2024-04-21,LEB_300,LEB,300,127.017438,1.5,50.17777778,3.98340798634308,SCR,0,0,0
V9,V9_T32,2024-04-21,2024-04-23,CONTROL_301,CONTROL,300,114.70167,1.5,41.13222222,2.948709112153192,SCR,0,0,0
V9,V9_T32,2024-04-21,2024-04-23,KITE_301,KITE,300,129.274116,1.5,42.04333333,3.3969467187056788,SCR,0,0,0
V9,V9_T32,2024-04-21,2024-04-23,LEB_301,LEB,300,117.257061,1.5,42.92888889,3.1460720895230954,SCR,0,0,0
V9,V9_T33,2024-04-23,2024-04-25,CONTROL_302,CONTROL,300,114.519344,1.5,46.05277778,3.29620868796461,SCR,0,0,0
V9,V9_T33,2024-04-23,2024-04-25,KITE_302,KITE,300,128.515272,1.5,46.24222222,3.71426985405484,SCR,0,0,0
V9,V9_T33,2024-04-23,2024-04-25,LEB_302,LEB,300,117.237296,1.5,46.36111111,3.397032066307474,SCR,0,0,0
V9,V9_T34,2024-04-25,2024-04-27,CONTROL_303,CONTROL,300,120.730092,1.5,50.22333333,3.789667283423479,SCR,0,0,0
V9,V9_T34,2024-04-25,2024-04-27,KITE_303,KITE,300,108.251311,1.5,49.97333333,3.3810492800078102,SCR,0,0,0
V9,V9_T34,2024-04-25,2024-04-27,LEB_303,LEB,300,131.745815,1.5,49.96305556,4.114014671651551,SCR,0,0,0
V9,V9_T35,2024-05-01,2024-05-03,CONTROL_304,CONTROL,300,120,1.5,48,3.6,SCR,0,0,0
V9,V9_T35,2024-05-01,2024-05-03,KITE_304,KITE,300,120,1.5,48,3.6,SCR,0,0,0
V9,V9_T35,2024-05-01,2024-05-03,LEB_304,LEB,300,120,1.5,48,3.6,SCR,0,0,0
V9,V9_T36,2024-05-03,2024-05-06,CONTROL_305,CONTROL,300,125.599532,1.5,68.33583333,5.364342928173752,SCR,0,0,0
V9,V9_T36,2024-05-03,2024-05-06,KITE_305,KITE,300,124.410971,1.5,66.55611111,5.175194005736866,SCR,0,0,0
V9,V9_T36,2024-05-03,2024-05-06,LEB_305,LEB,300,116.831014,1.5,65.17,4.7586732389875,SCR,0,0,0
V9,V9_T37,2024-05-06,2024-05-09,CONTROL_306,CONTROL,300,152.327985,1.5,67.22861111,6.400499290459321,SCR,0,0,0
V9,V9_T37,2024-05-06,2024-05-09,KITE_306,KITE,300,133.108692,1.5,68.98416667,5.738995121346059,SCR,0,0,0
V9,V9_T37,2024-05-06,2024-05-09,LEB_306,LEB,300,154.408228,1.5,70.81111111,6.8336363682538845,SCR,0,0,0
V9,V9_T38,2024-05-09,2024-05-11,CONTROL_307,CONTROL,300,141.709305,1.5,46.37555556,4.107404842122804,SCR,0,0,0
V9,V9_T38,2024-05-09,2024-05-11,KITE_307,KITE,300,140.647379,1.5,46.14777778,4.0566024946446495,SCR,0,0,0
V9,V9_T38,2024-05-09,2024-05-11,LEB_307,LEB,300,146.212392,1.5,46.13666667,4.216095245454608,SCR,0,0,0
V9,V9_T39,2024-05-11,2024-05-16,CONTROL_308,CONTROL,300,108.185734,1.5,120.3463889,8.13735151087247,SCR,0,0,0
V9,V9_T39,2024-05-11,2024-05-16,KITE_308,KITE,300,114.467414,1.5,120.9713889,8.654551284607065,SCR,0,0,0
V9,V9_T39,2024-05-11,2024-05-16,LEB_308,LEB,300,127.45157100000002,1.5,121.7491667,9.69820160240993,SCR,0,0,0
V9,V9_T40,2024-05-16,2024-05-20,CONTROL_309,CONTROL,300,119.141668,1.5,95.79166667,7.132986842227379,SCR,0,0,0
V9,V9_T40,2024-05-16,2024-05-20,KITE_309,KITE,300,110.910972,1.5,95.41944444,6.614414581587747,SCR,0,0,0
V9,V9_T40,2024-05-16,2024-05-20,LEB_309,LEB,300,124.269492,1.5,94.45833333,7.336430686303605,SCR,0,0,0
V9,V9_T41,2024-05-20,2024-05-23,CONTROL_310,CONTROL,300,128.004552,1.5,70.24388889,5.619710955063891,SCR,0,0,0
V9,V9_T41,2024-05-20,2024-05-23,KITE_310,KITE,300,126.00118,1.5,70.14666667,5.524101733429169,SCR,0,0,0
V9,V9_T41,2024-05-20,2024-05-23,LEB_310,LEB,300,137.508256,1.5,69.81888889,6.000421029451047,SCR,0,0,0
V9,V9_T42,2024-05-23,2024-05-26,CONTROL_311,CONTROL,300,111.707585,1.5,71.96861111,5.024649839313918,SCR,0,0,0
V9,V9_T42,2024-05-23,2024-05-26,KITE_311,KITE,300,121.301679,1.5,72.10472222,5.466514918196629,SCR,0,0,0
V9,V9_T42,2024-05-23,2024-05-26,LEB_311,LEB,300,125.503212,1.5,72.01861111,5.649104386302428,SCR,0,0,0
V9,V9_T43,2024-05-26,2024-06-01,CONTROL_312,CONTROL,300,139.826326,1.5,150.6927778,13.169260921567728,SCR,0,0,0
V9,V9_T43,2024-05-26,2024-06-01,KITE_312,KITE,300,131.78056099999998,1.5,147.0366667,12.11035901581001,SCR,0,0,0
V9,V9_T43,2024-05-26,2024-06-01,LEB_312,LEB,300,150.040322,1.5,144.695,13.568802744868748,SCR,0,0,0
V9,V9_T44,2024-06-01,2024-06-04,CONTROL_313,CONTROL,300,141.77193799999998,1.5,72.45722222,6.420250510141289,SCR,0,0,0
V9,V9_T44,2024-06-01,2024-06-04,KITE_313,KITE,300,135.904291,1.5,74.14388889,6.297795407236392,SCR,0,0,0
V9,V9_T44,2024-06-01,2024-06-04,LEB_313,LEB,300,131.528999,1.5,71.91,5.911406448806249,SCR,0,0,0
V9,V9_T45,2024-06-04,2024-06-06,CONTROL_314,CONTROL,300,129.737947,1.5,47.33888889,3.838531411156068,SCR,0,0,0
V9,V9_T45,2024-06-04,2024-06-06,KITE_314,KITE,300,145.31923,1.5,47.31388889,4.297261188625223,SCR,0,0,0
V9,V9_T45,2024-06-04,2024-06-06,LEB_314,LEB,300,157.052438,1.5,47.80277778,4.692214245950766,SCR,0,0,0
V9,V9_T46,2024-06-06,2024-06-09,CONTROL_315,CONTROL,300,127.867867,1.5,64.7325,5.173254187860937,SCR,0,0,0
V9,V9_T46,2024-06-06,2024-06-09,KITE_315,KITE,300,129.355591,1.5,64.88527778,5.245795909019417,SCR,0,0,0
V9,V9_T46,2024-06-06,2024-06-09,LEB_315,LEB,300,129.35006600000003,1.5,64.96027778,5.251635136388335,SCR,0,0,0
V9,V9_T47,2024-06-09,2024-06-12,CONTROL_316,CONTROL,300,154.386424,1.5,69.36805556,6.693428773588574,SCR,0,0,0
V9,V9_T47,2024-06-09,2024-06-12,KITE_316,KITE,300,110.177358,1.5,69.2125,4.766031494109375,SCR,0,0,0
V9,V9_T47,2024-06-09,2024-06-12,LEB_316,LEB,300,105.969506,1.5,68.95972222,4.5672673109691395,SCR,0,0,0
V9,V9_T49,2024-06-15,2024-06-16,CONTROL_317,CONTROL,300,120,1.5,22.28333333,1.67124999975,SCR,0,0,0
V9,V9_T49,2024-06-15,2024-06-16,KITE_317,KITE,300,120,1.5,22.36666667,1.67750000025,SCR,0,0,0
V9,V9_T49,2024-06-15,2024-06-16,LEB_317,LEB,300,120,1.5,22.36666667,1.67750000025,SCR,0,0,0
V9,V9_T50,2024-06-16,2024-06-19,CONTROL_318,CONTROL,300,112.772079,1.5,66.98666667,4.721391041034942,SCR,0,0,0
V9,V9_T50,2024-06-16,2024-06-19,KITE_318,KITE,300,127.143635,1.5,67.27277778,5.345815939685268,SCR,0,0,0
V9,V9_T50,2024-06-16,2024-06-19,LEB_318,LEB,300,117.012187,1.5,67.45888889,4.9334450760055635,SCR,0,0,0
V9,V9_T51,2024-06-19,2024-06-22,CONTROL_319,CONTROL,300,130.967448,1.5,71.51222222,5.853608278101434,SCR,0,0,0
V9,V9_T51,2024-06-19,2024-06-22,KITE_319,KITE,300,136.544591,1.5,71.55388889,6.106435308090308,SCR,0,0,0
V9,V9_T51,2024-06-19,2024-06-22,LEB_319,LEB,300,132.26139,1.5,71.50944444,5.911211574851357,SCR,0,0,0
V9,V9_T52,2024-06-22,2024-06-25,CONTROL_320,CONTROL,300,104.791237,1.5,74.8875,4.904721100523437,SCR,0,0,0
V9,V9_T52,2024-06-22,2024-06-25,KITE_320,KITE,300,121.403568,1.5,74.73194444,5.6704529366211025,SCR,0,0,0
V9,V9_T52,2024-06-22,2024-06-25,LEB_320,LEB,300,151.185868,1.5,74.5875,7.047859955906249,SCR,0,0,0
V9,V9_T53,2024-06-25,2024-06-28,CONTROL_321,CONTROL,300,155.676387,1.5,68.57361111,6.672057513217413,SCR,0,0,0
V9,V9_T53,2024-06-25,2024-06-28,KITE_321,KITE,300,141.42723700000002,1.5,68.34583333,6.041226480202757,SCR,0,0,0
V9,V9_T53,2024-06-25,2024-06-28,LEB_321,LEB,300,154.76652900000002,1.5,68.27027778,6.603721203672767,SCR,0,0,0
V9,V9_T54,2024-06-28,2024-07-01,CONTROL_322,CONTROL,300,125.549784,1.5,70.84305556,5.558956452161249,SCR,0,0,0
V9,V9_T54,2024-06-28,2024-07-01,KITE_322,KITE,300,127.61467100000002,1.5,70.99027778,5.662125589433319,SCR,0,0,0
V9,V9_T54,2024-06-28,2024-07-01,LEB_322,LEB,300,130.707369,1.5,71.22916667,5.8188606071863695,SCR,0,0,0
V9,V9_T55,2024-07-01,2024-07-04,CONTROL_323,CONTROL,300,146.255599,1.5,74.18138889,6.780902166724308,SCR,0,0,0
V9,V9_T55,2024-07-01,2024-07-04,KITE_323,KITE,300,126.651168,1.5,73.97027778,5.855263798825906,SCR,0,0,0
V9,V9_T55,2024-07-01,2024-07-04,LEB_323,LEB,300,145.32493599999998,1.5,73.92583333,6.714541873393072,SCR,0,0,0
V9,V9_T56,2024-07-04,2024-07-10,CONTROL_324,CONTROL,300,161.476846,1.5,146.4783333,14.78303704288798,SCR,0,0,0
V9,V9_T56,2024-07-04,2024-07-10,KITE_324,KITE,300,130.735999,1.5,146.1894444,11.9451394105556,SCR,0,0,0
V9,V9_T56,2024-07-04,2024-07-10,LEB_324,LEB,300,144.850784,1.5,146.2283333,13.238305450948944,SCR,0,0,0
V9,V9_T57,2024-07-10,2024-07-14,CONTROL_325,CONTROL,300,143.768743,1.5,89.15555556,8.011113846454913,SCR,0,0,0
V9,V9_T57,2024-07-10,2024-07-14,KITE_325,KITE,300,120.783069,1.5,89.49166667,6.755673843954757,SCR,0,0,0
V9,V9_T57,2024-07-10,2024-07-14,LEB_325,LEB,300,127.396972,1.5,89.68888889,7.141308041644025,SCR,0,0,0
V9,V9_T59,2024-08-17,2024-08-18,CONTROL_326,CONTROL,133,64.74737499999999,1.1305,13.85944444,0.4226951965874392,SOL,0,0,0
V9,V9_T59,2024-08-17,2024-08-18,KITE_326,KITE,133,53.987445,1.1305,13.91833333,0.3539478941422791,SOL,0,0,0
V9,V9_T59,2024-08-17,2024-08-18,LEB_326,LEB,133,57.480333,1.1305,13.94333333,0.37752456010077495,SOL,0,0,0
V9,V9_T60,2024-08-24,2024-08-24,CONTROL_327,CONTROL,133,61.663864,1.1305,6.950833333,0.20189563763612767,SOL,0,0,0
V9,V9_T60,2024-08-24,2024-08-24,KITE_327,KITE,133,72.172551,1.1305,7.148055556,0.2430072889208076,SOL,0,0,0
V9,V9_T60,2024-08-24,2024-08-24,LEB_327,LEB,133,73.850103,1.1305,6.720277778,0.23377477895381943,SOL,0,0,0
V9,V9_T61,2024-08-28,2024-08-28,CONTROL_328,CONTROL,133,65.044726,1.1305,7.4375,0.2278758975629427,SOL,0,0,0
V9,V9_T61,2024-08-28,2024-08-28,KITE_328,KITE,133,64.621446,1.1305,7.063055556,0.2149951282731561,SOL,0,0,0
V9,V9_T61,2024-08-28,2024-08-28,LEB_328,LEB,133,85.999248,1.1305,7.684722222,0.3113021731377063,SOL,0,0,0
V9,V9_T62,2024-08-29,2024-08-29,CONTROL_329,CONTROL,133,71.073862,1.1305,5.384722222,0.18027377131322408,SOL,0,0,0
V9,V9_T62,2024-08-29,2024-08-29,KITE_329,KITE,133,75.411184,1.1305,5.568055556,0.19778741039750508,SOL,0,0,0
V9,V9_T62,2024-08-29,2024-08-29,LEB_329,LEB,133,56.586396,1.1305,5.204722222,0.13872953017274414,SOL,0,0,0
V9,V9_T63,2024-08-30,2024-08-30,CONTROL_330,CONTROL,133,81.128675,1.1305,6.988333333,0.2670590624857947,SOL,0,0,0
V9,V9_T63,2024-08-30,2024-08-30,KITE_330,KITE,133,72.387558,1.1305,6.688333333,0.22805582014290288,SOL,0,0,0
V9,V9_T63,2024-08-30,2024-08-30,LEB_330,LEB,133,70.02525800000001,1.1305,7.193888889,0.2372890886458828,SOL,0,0,0
V9,V9_T65,2024-09-03,2024-09-04,CONTROL_331,CONTROL,133,120,1.1305,12.67,0.7161717500000001,SOL,0,0,0
V9,V9_T65,2024-09-03,2024-09-04,KITE_331,KITE,133,120,1.1305,12.95055556,0.7320301530290001,SOL,0,0,0
V9,V9_T65,2024-09-03,2024-09-04,LEB_331,LEB,133,120,1.1305,12.34805556,0.697973840529,SOL,0,0,0
V9,V9_T66,2024-09-06,2024-09-06,CONTROL_332,CONTROL,133,75.571443,1.1305,7.3425,0.26137316396549537,SOL,0,0,0
V9,V9_T66,2024-09-06,2024-09-06,KITE_332,KITE,133,89.21023,1.1305,7.189722222,0.30212460497714855,SOL,0,0,0
V9,V9_T66,2024-09-06,2024-09-06,LEB_332,LEB,133,93.7419,1.1305,7.5175,0.33194529205796874,SOL,0,0,0
V9,V9_T67,2024-09-07,2024-09-07,CONTROL_333,CONTROL,133,76.974523,1.1305,8.008888889,0.2903879560210713,SOL,0,0,0
V9,V9_T67,2024-09-07,2024-09-07,KITE_333,KITE,133,69.42901599999999,1.1305,8.197777778,0.2680997917175749,SOL,0,0,0
V9,V9_T67,2024-09-07,2024-09-07,LEB_333,LEB,133,85.61987,1.1305,7.831111111,0.3158328323430559,SOL,0,0,0
V9,V9_T69,2024-09-08,2024-09-09,CONTROL_334,CONTROL,133,120,1.1305,14.39083333,0.8134418539782501,SOL,0,0,0
V9,V9_T69,2024-09-08,2024-09-09,KITE_334,KITE,133,120,1.1305,13.39638889,0.7572308820072501,SOL,0,0,0
V9,V9_T69,2024-09-08,2024-09-09,LEB_334,LEB,133,120,1.1305,14.68527778,0.8300853265145001,SOL,0,0,0
V9,V9_T70,2024-09-11,2024-09-11,CONTROL_335,CONTROL,133,76.023202,1.1305,4.134166667,0.14804490429680509,SOL,0,0,0
V9,V9_T70,2024-09-11,2024-09-11,KITE_335,KITE,133,92.610457,1.1305,4.278611111,0.18664749555045565,SOL,0,0,0
V9,V9_T70,2024-09-11,2024-09-11,LEB_335,LEB,133,69.786014,1.1305,3.956388889,0.13005489168918036,SOL,0,0,0
V9,V9_T71,2024-09-12,2024-09-12,CONTROL_336,CONTROL,133,120,1.1305,5.873611111,0.332005868049275,SOL,0,0,0
V9,V9_T71,2024-09-12,2024-09-12,KITE_336,KITE,133,120,1.1305,5.684722222,0.32132892359855003,SOL,0,0,0
V9,V9_T71,2024-09-12,2024-09-12,LEB_336,LEB,133,120,1.1305,6.066666667,0.342918333352175,SOL,0,0,0
V9,V9_T72,2024-09-14,2024-09-14,CONTROL_337,CONTROL,133,65.70683,1.1305,5.6730555560000004,0.17558478369040456,SOL,0,0,0
V9,V9_T72,2024-09-14,2024-09-14,KITE_337,KITE,133,120,1.1305,5.831388889,0.329619256950725,SOL,0,0,0
V9,V9_T72,2024-09-14,2024-09-14,LEB_337,LEB,133,67.300086,1.1305,5.460277778,0.1730970558128909,SOL,0,0,0
V9,V9_T73,2024-09-22,2024-09-22,CONTROL_338,CONTROL,133,70.028126,1.1305,6.319166667,0.20844507550657496,SOL,0,0,0
V9,V9_T73,2024-09-22,2024-09-22,KITE_338,KITE,133,91.871363,1.1305,6.049722222,0.261803180766471,SOL,0,0,0
V9,V9_T73,2024-09-22,2024-09-22,LEB_338,LEB,133,109.946437,1.1305,6.494444444,0.33634307538512254,SOL,0,0,0
V9,V9_T74,2024-10-17,2024-10-17,CONTROL_339,CONTROL,133,75.094027,1.1305,6.524722222,0.23079518633814544,SOL,0,0,0
V9,V9_T74,2024-10-17,2024-10-17,KITE_339,KITE,133,66.63933,1.1305,7.016388889,0.22024375308558675,SOL,0,0,0
V9,V9_T74,2024-10-17,2024-10-17,LEB_339,LEB,133,63.140908,1.1305,6.416388889,0.19083622896336325,SOL,0,0,0
V9,V9_T75,2024-10-21,2024-10-21,CONTROL_340,CONTROL,133,69.192461,1.1305,6.426388889,0.2094522864744741,MUR,0,0,0
V9,V9_T75,2024-10-21,2024-10-21,KITE_340,KITE,133,55.753165,1.1305,5.776388889,0.15169989332593162,SOL,0,0,0
V9,V9_T75,2024-10-21,2024-10-21,LEB_340,LEB,133,57.343458,1.1305,6.176388889,0.16683141632779466,SOL,0,0,0
V9,V9_T76,2024-10-29,2024-10-29,CONTROL_341,CONTROL,133,71.697138,1.1305,5.866666667,0.1981310576999241,SOL,0,0,0
V9,V9_T76,2024-10-29,2024-10-29,KITE_341,KITE,133,75.280566,1.1305,6.136111111,0.2175882382106051,SOL,0,0,0
V9,V9_T76,2024-10-29,2024-10-29,LEB_341,LEB,133,74.499949,1.1305,6.011111111,0.21094539841450127,SOL,0,0,0
V9,V9_T78,2024-11-10,2024-11-11,CONTROL_342,CONTROL,133,80.976151,1.1305,15.95305556,0.6084996496366051,SOL,0,0,0
V9,V9_T78,2024-11-10,2024-11-11,KITE_342,KITE,133,77.086557,1.1305,15.47805556,0.562023370318316,SOL,0,0,0
V9,V9_T78,2024-11-10,2024-11-11,LEB_342,LEB,133,78.174684,1.1305,15.75861111,0.5802877432164371,SOL,0,0,0
V9,V9_T80,2024-11-14,2024-11-15,CONTROL_343,CONTROL,133,63.585227999999994,1.1305,16.59194444,0.4969501689955491,SOL,0,0,0
V9,V9_T80,2024-11-14,2024-11-15,KITE_343,KITE,133,58.600229,1.1305,17.13361111,0.4729416295474369,SOL,0,0,0
V9,V9_T80,2024-11-14,2024-11-15,LEB_343,LEB,133,64.150816,1.1305,16.83916667,0.5088410093854536,SOL,0,0,0
V9,V9_T82,2025-01-14,2025-01-15,CONTROL_344,CONTROL,133,92.283547,1.1305,18.72916667,0.8141455586975588,100,0,0,0
V9,V9_T82,2025-01-14,2025-01-15,KITE_344,KITE,133,96.898389,1.1305,18.14583333,0.8282335124683377,100,0,0,0
V9,V9_T82,2025-01-14,2025-01-15,LEB_344,LEB,133,90.400994,1.1305,18.38472222,0.7828699137027847,100,0,0,0
V9,V9_T83,2025-01-15,2025-01-16,CONTROL_345,CONTROL,133,101.794071,1.1305,21.52888889,1.032294051079355,100,0,0,0
V9,V9_T83,2025-01-15,2025-01-16,KITE_345,KITE,133,94.8569,1.1305,22.02611111,0.9841608348846478,100,0,0,0
V9,V9_T83,2025-01-15,2025-01-16,LEB_345,LEB,133,91.652821,1.1305,21.63444444,0.9340086728774172,100,0,0,0
V9,V9_T85,2025-01-30,2025-01-31,CONTROL_346,CONTROL,133,88.631017,1.1305,17.76694444,0.741750421661669,100,0,0,0
V9,V9_T85,2025-01-30,2025-01-31,KITE_346,KITE,133,104.009242,1.1305,17.21416667,0.8433682744720649,100,0,0,0
V9,V9_T85,2025-01-30,2025-01-31,LEB_346,LEB,133,97.532044,1.1305,17.45027778,0.8016946686308175,100,0,0,0
V9,V9_T87,2025-02-27,2025-02-28,CONTROL_347,CONTROL,133,69.76373299999999,1.1305,17.48083333,0.574448590717857,100,0,0,0
V9,V9_T87,2025-02-27,2025-02-28,KITE_347,KITE,133,77.25450000000001,1.1305,16.76416667,0.61004950770229,100,0,0,0
V9,V9_T87,2025-02-27,2025-02-28,LEB_347,LEB,133,83.281179,1.1305,17.88638889,0.7016634569644284,100,0,0,0
V9,V9_T89,2025-03-01,2025-03-02,CONTROL_348,CONTROL,133,86.576398,1.1305,18.26916667,0.7450365449542345,100,0,0,0
V9,V9_T89,2025-03-01,2025-03-02,KITE_348,KITE,133,93.270304,1.1305,18.5275,0.8139908802481168,100,0,0,0
V9,V9_T89,2025-03-01,2025-03-02,LEB_348,LEB,133,81.606668,1.1305,17.81638889,0.6848644993647236,100,0,0,0
V9,V9_T90,2025-03-03,2025-03-03,CONTROL_349,CONTROL,133,74.01838400000001,1.1305,7.743055556,0.2699673847663061,100,0,0,0
V9,V9_T90,2025-03-03,2025-03-03,KITE_349,KITE,133,75.372167,1.1305,7.531944445,0.2674098711338159,100,0,0,0
V9,V9_T90,2025-03-03,2025-03-03,LEB_349,LEB,133,77.069038,1.1305,7.931944444,0.2879512225176322,100,0,0,0
V9,V9_T91,2025-03-04,2025-03-04,CONTROL_350,CONTROL,133,86.23507599999999,1.1305,6.455,0.2622041263804959,100,0,0,0
V9,V9_T91,2025-03-04,2025-03-04,KITE_350,KITE,133,73.95102,1.1305,6.641111111,0.23133654222458788,100,0,0,0
V9,V9_T91,2025-03-04,2025-03-04,LEB_350,LEB,133,75.548857,1.1305,6.288333333,0.2237807772448465,100,0,0,0
V9,V9_T92,2025-03-14,2025-03-14,CONTROL_351,CONTROL,133,81.236346,1.1305,7.047222222,0.26966691825672917,100,0,0,0
V9,V9_T92,2025-03-14,2025-03-14,KITE_351,KITE,133,74.922184,1.1305,6.858333333,0.24204066796350004,100,0,0,0
V9,V9_T92,2025-03-14,2025-03-14,LEB_351,LEB,133,77.63736899999999,1.1305,7.272222222,0.26594833508849475,100,0,0,0
V9,V9_T94,2025-03-25,2025-03-26,CONTROL_352,CONTROL,133,79.978678,1.1305,16.54472222,0.6232941145719205,100,0,0,0
V9,V9_T94,2025-03-25,2025-03-26,KITE_352,KITE,133,82.196277,1.1305,16.73361111,0.6478898015399417,100,0,0,0
V9,V9_T94,2025-03-25,2025-03-26,LEB_352,LEB,133,84.04371200000001,1.1305,16.34472222,0.6470563371034451,100,0,0,0
V9,V9_T95,2025-03-26,2025-03-27,CONTROL_353,CONTROL,133,69.84237399999999,1.1305,15.15138889,0.4984605166630373,100,0,0,0
V9,V9_T95,2025-03-26,2025-03-27,KITE_353,KITE,133,77.83886600000001,1.1305,14.90138889,0.5463646268008533,100,0,0,0
V9,V9_T95,2025-03-26,2025-03-27,LEB_353,LEB,133,88.764704,1.1305,15.33194444,0.641057330837901,100,0,0,0
